league,season,team,game,date,round,day,venue,result,GF,GA,opponent,Performance_CrdY,Performance_CrdR,Performance_2CrdY,Performance_Fls,Performance_Fld,Performance_Off,Performance_Crs,Performance_Int,Performance_TklW,Performance_PKwon,Performance_PKcon,Performance_OG,time,match_report
,2026,,2023-09-07 Argentina-None,2023-09-07,World Cup qualification,Thu,Away,L,0,1,Argentina,1,0,0,13,8,1,7,13,12,,,0,21:00:00,/en/matches/2f7e4951/Argentina-Ecuador-September-7-2023-WCQ----CONMEBOL-M
,2026,,2023-09-07 None-Ecuador,2023-09-07,World Cup qualification,Thu,Home,W,1,0,Ecuador,1,0,0,9,13,2,15,10,17,,,0,21:00:00,/en/matches/2f7e4951/Argentina-Ecuador-September-7-2023-WCQ----CONMEBOL-M
,2026,,2023-09-07 None-Peru,2023-09-07,World Cup qualification,Thu,Home,D,0,0,Peru,0,0,0,19,12,0,39,6,12,,,0,18:30:00,/en/matches/e29564c5/Paraguay-Peru-September-7-2023-WCQ----CONMEBOL-M
,2026,,2023-09-07 None-Venezuela,2023-09-07,World Cup qualification,Thu,Home,W,1,0,Venezuela,0,0,0,13,18,3,15,8,15,,,0,18:00:00,/en/matches/65227f28/Colombia-Venezuela-September-7-2023-WCQ----CONMEBOL-M
,2026,,2023-09-08 None-Bolivia,2023-09-08,World Cup qualification,Fri,Home,W,5,1,Bolivia,1,0,0,6,13,1,15,5,8,,,0,21:45:00,/en/matches/e1827307/Brazil-Bolivia-September-8-2023-WCQ----CONMEBOL-M
,2026,,2023-09-08 None-Chile,2023-09-08,World Cup qualification,Fri,Home,W,3,1,Chile,4,0,0,17,16,1,13,11,11,,,0,20:00:00,/en/matches/a3fac10c/Uruguay-Chile-September-8-2023-WCQ----CONMEBOL-M
,2026,,2023-09-12 Bolivia-None,2023-09-12,World Cup qualification,Tue,Away,W,3,0,Bolivia,0,0,0,10,23,1,5,7,10,,,0,16:00:00,/en/matches/60df245b/Bolivia-Argentina-September-12-2023-WCQ----CONMEBOL-M
,2026,,2023-09-12 Chile-None,2023-09-12,World Cup qualification,Tue,Away,D,0,0,Chile,5,0,0,19,13,1,16,15,6,,,0,21:30:00,/en/matches/acc6c6da/Chile-Colombia-September-12-2023-WCQ----CONMEBOL-M
,2026,,2023-09-12 Ecuador-None,2023-09-12,World Cup qualification,Tue,Away,L,1,2,Ecuador,3,0,0,18,12,2,11,5,9,,,0,16:00:00,/en/matches/37e01439/Ecuador-Uruguay-September-12-2023-WCQ----CONMEBOL-M
,2026,,2023-09-12 None-Uruguay,2023-09-12,World Cup qualification,Tue,Home,W,2,1,Uruguay,2,0,0,12,17,0,18,12,7,,,0,16:00:00,/en/matches/37e01439/Ecuador-Uruguay-September-12-2023-WCQ----CONMEBOL-M
,2026,,2023-09-12 Peru-None,2023-09-12,World Cup qualification,Tue,Away,W,1,0,Peru,2,0,0,14,18,3,10,3,11,,,0,21:00:00,/en/matches/110848f8/Peru-Brazil-September-12-2023-WCQ----CONMEBOL-M
,2026,,2023-09-12 Venezuela-None,2023-09-12,World Cup qualification,Tue,Away,L,0,1,Venezuela,4,0,0,14,12,0,17,4,14,,,0,18:00:00,/en/matches/6c17b321/Venezuela-Paraguay-September-12-2023-WCQ----CONMEBOL-M
,2026,,2023-10-12 Argentina-None,2023-10-12,World Cup qualification,Thu,Away,L,0,1,Argentina,2,0,0,19,10,2,2,11,12,,,0,20:00:00,/en/matches/26b9c13c/Argentina-Paraguay-October-12-2023-WCQ----CONMEBOL-M
,2026,,2023-10-12 Bolivia-None,2023-10-12,World Cup qualification,Thu,Away,W,2,1,Bolivia,0,0,0,9,10,4,8,5,6,,,0,19:00:00,/en/matches/34f19d1b/Bolivia-Ecuador-October-12-2023-WCQ----CONMEBOL-M
,2026,,2023-10-12 Colombia-None,2023-10-12,World Cup qualification,Thu,Away,D,2,2,Colombia,0,0,0,10,16,0,14,11,9,,,0,15:30:00,/en/matches/69c44fb6/Colombia-Uruguay-October-12-2023-WCQ----CONMEBOL-M
,2026,,2023-10-12 None-Paraguay,2023-10-12,World Cup qualification,Thu,Home,W,1,0,Paraguay,1,0,0,10,18,3,17,7,5,,,0,20:00:00,/en/matches/26b9c13c/Argentina-Paraguay-October-12-2023-WCQ----CONMEBOL-M
,2026,,2023-10-12 None-Uruguay,2023-10-12,World Cup qualification,Thu,Home,D,2,2,Uruguay,2,1,1,17,10,0,7,6,3,,,0,15:30:00,/en/matches/69c44fb6/Colombia-Uruguay-October-12-2023-WCQ----CONMEBOL-M
,2026,,2023-10-12 None-Venezuela,2023-10-12,World Cup qualification,Thu,Home,D,1,1,Venezuela,2,0,0,13,11,2,20,5,8,,,0,20:30:00,/en/matches/7bfa1a62/Brazil-Venezuela-October-12-2023-WCQ----CONMEBOL-M
,2026,,2023-10-17 Ecuador-None,2023-10-17,World Cup qualification,Tue,Away,D,0,0,Ecuador,4,0,0,17,14,4,13,5,5,,,0,18:30:00,/en/matches/bbd48b0c/Ecuador-Colombia-October-17-2023-WCQ----CONMEBOL-M
,2026,,2023-10-17 None-Bolivia,2023-10-17,World Cup qualification,Tue,Home,W,1,0,Bolivia,2,0,0,12,10,3,30,11,8,,,0,19:30:00,/en/matches/55a75f54/Paraguay-Bolivia-October-17-2023-WCQ----CONMEBOL-M
,2026,,2023-10-17 None-Brazil,2023-10-17,World Cup qualification,Tue,Home,W,2,0,Brazil,3,0,0,18,16,2,11,8,15,,,0,21:00:00,/en/matches/234290bd/Uruguay-Brazil-October-17-2023-WCQ----CONMEBOL-M
,2026,,2023-10-17 None-Colombia,2023-10-17,World Cup qualification,Tue,Home,D,0,0,Colombia,2,0,0,15,17,2,17,8,8,,,0,18:30:00,/en/matches/bbd48b0c/Ecuador-Colombia-October-17-2023-WCQ----CONMEBOL-M
,2026,,2023-10-17 Peru-None,2023-10-17,World Cup qualification,Tue,Away,W,2,0,Peru,0,0,0,10,18,2,2,11,10,,,0,21:00:00,/en/matches/3cf7c7b1/Peru-Argentina-October-17-2023-WCQ----CONMEBOL-M
,2026,,2023-10-17 Uruguay-None,2023-10-17,World Cup qualification,Tue,Away,L,0,2,Uruguay,5,0,0,16,18,1,10,7,4,,,0,21:00:00,/en/matches/234290bd/Uruguay-Brazil-October-17-2023-WCQ----CONMEBOL-M
,2026,,2023-11-15 None-Mauritania,2023-11-15,First round,Wed,Home,W,2,0,Mauritania,2,0,0,,,,,,,,,0,17:00:00,/en/matches/182c461a/Congo-DR-Mauritania-November-15-2023-WCQ----CAF-M
,2026,,2023-11-16 Argentina-None,2023-11-16,World Cup qualification,Thu,Away,W,2,0,Argentina,3,0,0,22,11,2,5,8,13,,,0,21:00:00,/en/matches/863e2131/Argentina-Uruguay-November-16-2023-WCQ----CONMEBOL-M
,2026,,2023-11-16 Chile-None,2023-11-16,World Cup qualification,Thu,Away,D,0,0,Chile,3,1,0,18,6,2,4,10,17,,,0,21:30:00,/en/matches/bddd61cd/Chile-Paraguay-November-16-2023-WCQ----CONMEBOL-M
,2026,,2023-11-16 Colombia-None,2023-11-16,World Cup qualification,Thu,Away,L,1,2,Colombia,2,0,0,12,16,1,11,4,6,,,0,19:00:00,/en/matches/d050b216/Colombia-Brazil-November-16-2023-WCQ----CONMEBOL-M
,2026,,2023-11-16 None-Afghanistan,2023-11-16,Second round,Thu,Home,W,8,1,Afghanistan,0,0,0,,,,,,,,,0,18:45:00,/en/matches/d3b2f56c/Qatar-Afghanistan-November-16-2023-WCQ----AFC-M
,2026,,2023-11-16 None-Angola,2023-11-16,First round,Thu,Home,D,0,0,Angola,0,0,0,,,,,,,,,0,18:00:00,/en/matches/945bc517/Cabo-Verde-Angola-November-16-2023-WCQ----CAF-M
,2026,,2023-11-16 None-Bangladesh,2023-11-16,Second round,Thu,Home,W,7,0,Bangladesh,1,0,0,,,,,,,,,0,20:10:00,/en/matches/e43c3b06/Australia-Bangladesh-November-16-2023-WCQ----AFC-M
,2026,,2023-11-16 None-Brazil,2023-11-16,World Cup qualification,Thu,Home,W,2,1,Brazil,1,0,0,16,11,2,16,11,11,,,0,19:00:00,/en/matches/d050b216/Colombia-Brazil-November-16-2023-WCQ----CONMEBOL-M
,2026,,2023-11-16 None-Djibouti,2023-11-16,First round,Thu,Home,W,6,0,Djibouti,1,0,0,,,,,,,,,0,18:00:00,/en/matches/e374c8dd/Egypt-Djibouti-November-16-2023-WCQ----CAF-M
,2026,,2023-11-16 None-Hong Kong,2023-11-16,Second round,Thu,Home,W,4,0,Hong Kong,1,0,0,,,,,,,,,0,18:00:00,/en/matches/cddbdc05/IR-Iran-Hong-Kong-November-16-2023-WCQ----AFC-M
,2026,,2023-11-16 None-Indonesia,2023-11-16,Second round,Thu,Home,W,5,1,Indonesia,0,0,0,,,,,,,,,0,17:45:00,/en/matches/b9d1f9df/Iraq-Indonesia-November-16-2023-WCQ----AFC-M
,2026,,2023-11-16 None-Myanmar,2023-11-16,Second round,Thu,Home,W,5,0,Myanmar,0,0,0,,,,,,,,,0,19:02:00,/en/matches/1ea987f4/Japan-Myanmar-November-16-2023-WCQ----AFC-M
,2026,,2023-11-16 None-Pakistan,2023-11-16,Second round,Thu,Home,W,4,0,Pakistan,1,0,0,,,,,,,,,0,19:30:00,/en/matches/2164d4f9/Saudi-Arabia-Pakistan-November-16-2023-WCQ----AFC-M
,2026,,2023-11-16 None-Singapore,2023-11-16,Second round,Thu,Home,W,5,0,Singapore,1,0,0,,,,,,,,,0,20:00:00,/en/matches/03fcde90/Korea-Republic-Singapore-November-16-2023-WCQ----AFC-M
,2026,,2023-11-16 None-Somalia,2023-11-16,First round,Thu,Home,W,3,1,Somalia,0,0,0,,,,,,,,,0,18:00:00,/en/matches/274550ca/Algeria-Somalia-November-16-2023-WCQ----CAF-M
,2026,,2023-11-16 None-Uruguay,2023-11-16,World Cup qualification,Thu,Home,L,0,2,Uruguay,4,0,0,11,22,5,17,4,15,,,0,21:00:00,/en/matches/863e2131/Argentina-Uruguay-November-16-2023-WCQ----CONMEBOL-M
,2026,,2023-11-16 Tajikistan-None,2023-11-16,Second round,Thu,Away,D,1,1,Tajikistan,2,0,0,,,,,,,,,0,18:00:00,/en/matches/1250ff01/Tajikistan-Jordan-November-16-2023-WCQ----AFC-M
,2026,,2023-11-16 Turkmenistan-None,2023-11-16,Second round,Thu,Away,W,3,1,Turkmenistan,1,0,0,,,,,,,,,0,19:00:00,/en/matches/c61e9ab7/Turkmenistan-Uzbekistan-November-16-2023-WCQ----AFC-M
,2026,,2023-11-16 Venezuela-None,2023-11-16,World Cup qualification,Thu,Away,D,0,0,Venezuela,3,0,0,14,8,1,15,1,13,,,0,18:00:00,/en/matches/247d2292/Venezuela-Ecuador-November-16-2023-WCQ----CONMEBOL-M
,2026,,2023-11-17 None-Madagascar,2023-11-17,First round,Fri,Home,W,1,0,Madagascar,1,0,0,,,,,,,,,0,16:00:00,/en/matches/16249aa4/Ghana-Madagascar-November-17-2023-WCQ----CAF-M
,2026,,2023-11-17 None-Seychelles,2023-11-17,First round,Fri,Home,W,9,0,Seychelles,0,0,0,,,,,,,,,0,19:00:00,/en/matches/876807e5/Cote-dIvoire-Seychelles-November-17-2023-WCQ----CAF-M
,2026,,2023-11-17 None-São Tomé,2023-11-17,First round,Fri,Home,W,4,0,São Tomé,2,0,0,,,,,,,,,0,20:00:00,/en/matches/d145d2a7/Tunisia-Sao-Tome-and-Principe-November-17-2023-WCQ----CAF-M
,2026,,2023-11-18 None-Benin,2023-11-18,First round,Sat,Home,W,2,1,Benin,1,0,0,,,,,,,,,0,15:00:00,/en/matches/19fd008f/South-Africa-Benin-November-18-2023-WCQ----CAF-M
,2026,,2023-11-18 None-South Sudan,2023-11-18,First round,Sat,Home,W,4,0,South Sudan,0,0,0,,,,,,,,,0,19:00:00,/en/matches/62b81b0b/Senegal-South-Sudan-November-18-2023-WCQ----CAF-M
,2026,,2023-11-19 Mozambique-None,2023-11-19,First round,Sun,Away,W,2,0,Mozambique,2,0,0,,,,,,,,,0,15:00:00,/en/matches/fe0ed213/Mozambique-Algeria-November-19-2023-WCQ----CAF-M
,2026,,2023-11-19 Sierra Leone-Sierra Leone,2023-11-19,First round,Sun,Neutral,W,2,0,Sierra Leone,1,0,0,,,,,,,,,0,16:00:00,/en/matches/c1d9c52e/Sierra-Leone-Egypt-November-19-2023-WCQ----CAF-M
,2026,,2023-11-19 Sudan-Sudan,2023-11-19,First round,Sun,Neutral,L,0,1,Sudan,1,0,0,,,,,,,,,1,18:00:00,/en/matches/64b01a41/Sudan-Congo-DR-November-19-2023-WCQ----CAF-M
,2026,,2023-11-20 Gambia-Gambia,2023-11-20,First round,Mon,Neutral,W,2,0,Gambia,2,0,0,,,,,,,,,0,16:00:00,/en/matches/31fb4cda/Gambia-Cote-dIvoire-November-20-2023-WCQ----CAF-M
,2026,,2023-11-21 Brazil-None,2023-11-21,World Cup qualification,Tue,Away,W,1,0,Brazil,0,0,0,16,24,1,6,7,9,,,0,21:30:00,/en/matches/d9dda5bc/Brazil-Argentina-November-21-2023-WCQ----CONMEBOL-M
,2026,,2023-11-21 China PR-None,2023-11-21,Second round,Tue,Away,W,3,0,China PR,1,0,0,,,,,,,,,0,20:00:00,/en/matches/d7b8ab3d/China-PR-Korea-Republic-November-21-2023-WCQ----AFC-M
,2026,,2023-11-21 Comoros-None,2023-11-21,First round,Tue,Away,L,0,1,Comoros,0,0,0,,,,,,,,,0,19:00:00,/en/matches/3928f7b3/Comoros-Ghana-November-21-2023-WCQ----CAF-M
,2026,,2023-11-21 Eswatini-Eswatini,2023-11-21,First round,Tue,Neutral,W,2,0,Eswatini,1,0,0,,,,,,,,,0,16:15:00,/en/matches/ffb13e26/Eswatini-Cabo-Verde-November-21-2023-WCQ----CAF-M
,2026,,2023-11-21 India-None,2023-11-21,Second round,Tue,Away,W,3,0,India,0,0,0,,,,,,,,,0,19:00:00,/en/matches/9e12e8b0/India-Qatar-November-21-2023-WCQ----AFC-M
,2026,,2023-11-21 Jordan-None,2023-11-21,Second round,Tue,Away,W,2,0,Jordan,1,0,0,,,,,,,,,0,18:00:00,/en/matches/c66c0269/Jordan-Saudi-Arabia-November-21-2023-WCQ----AFC-M
,2026,,2023-11-21 Malawi-None,2023-11-21,First round,Tue,Away,W,1,0,Malawi,1,0,0,,,,,,,,,0,15:00:00,/en/matches/d84b3da7/Malawi-Tunisia-November-21-2023-WCQ----CAF-M
,2026,,2023-11-21 None-Argentina,2023-11-21,World Cup qualification,Tue,Home,L,0,1,Argentina,3,1,0,26,16,0,19,15,4,,,0,21:30:00,/en/matches/d9dda5bc/Brazil-Argentina-November-21-2023-WCQ----CONMEBOL-M
,2026,,2023-11-21 None-Bolivia,2023-11-21,World Cup qualification,Tue,Home,W,3,0,Bolivia,0,0,0,10,11,0,19,11,10,,,0,20:30:00,/en/matches/5f1085fe/Uruguay-Bolivia-November-21-2023-WCQ----CONMEBOL-M
,2026,,2023-11-21 None-Chile,2023-11-21,World Cup qualification,Tue,Home,W,1,0,Chile,2,0,0,14,14,0,9,8,8,,,0,18:30:00,/en/matches/3287ff4c/Ecuador-Chile-November-21-2023-WCQ----CONMEBOL-M
,2026,,2023-11-21 None-Colombia,2023-11-21,World Cup qualification,Tue,Home,L,0,1,Colombia,2,0,0,10,13,1,21,7,7,,,0,20:00:00,/en/matches/6c72239f/Paraguay-Colombia-November-21-2023-WCQ----CONMEBOL-M
,2026,,2023-11-21 None-IR Iran,2023-11-21,Second round,Tue,Home,D,2,2,IR Iran,3,0,0,,,,,,,,,0,18:00:00,/en/matches/054ec5f5/Uzbekistan-IR-Iran-November-21-2023-WCQ----AFC-M
,2026,,2023-11-21 None-Saudi Arabia,2023-11-21,Second round,Tue,Home,L,0,2,Saudi Arabia,3,0,0,,,,,,,,,0,18:00:00,/en/matches/c66c0269/Jordan-Saudi-Arabia-November-21-2023-WCQ----AFC-M
,2026,,2023-11-21 Palestine-Palestine,2023-11-21,Second round,Tue,Neutral,W,1,0,Palestine,1,0,0,,,,,,,,,0,17:00:00,/en/matches/153eefd2/Palestine-Australia-November-21-2023-WCQ----AFC-M
,2026,,2023-11-21 Paraguay-None,2023-11-21,World Cup qualification,Tue,Away,W,1,0,Paraguay,4,0,0,15,9,0,15,4,10,,,0,20:00:00,/en/matches/6c72239f/Paraguay-Colombia-November-21-2023-WCQ----CONMEBOL-M
,2026,,2023-11-21 Rwanda-None,2023-11-21,First round,Tue,Away,L,0,2,Rwanda,0,0,0,,,,,,,,,0,15:00:00,/en/matches/74591a8e/Rwanda-South-Africa-November-21-2023-WCQ----CAF-M
,2026,,2023-11-21 Syria-None,2023-11-21,Second round,Tue,Away,W,5,0,Syria,0,0,0,,,,,,,,,0,17:45:00,/en/matches/62e1e28b/Syria-Japan-November-21-2023-WCQ----AFC-M
,2026,,2023-11-21 Tanzania-None,2023-11-21,First round,Tue,Away,W,2,0,Tanzania,4,0,0,,,,,,,,,0,22:00:00,/en/matches/8980dd38/Tanzania-Morocco-November-21-2023-WCQ----CAF-M
,2026,,2023-11-21 Togo-None,2023-11-21,First round,Tue,Away,D,0,0,Togo,2,0,0,,,,,,,,,0,16:00:00,/en/matches/9e13db88/Togo-Senegal-November-21-2023-WCQ----CAF-M
,2026,,2023-11-21 Uzbekistan-None,2023-11-21,Second round,Tue,Away,D,2,2,Uzbekistan,2,0,0,,,,,,,,,0,18:00:00,/en/matches/054ec5f5/Uzbekistan-IR-Iran-November-21-2023-WCQ----AFC-M
,2026,,2023-11-21 Vietnam-None,2023-11-21,Second round,Tue,Away,W,1,0,Vietnam,1,0,0,,,,,,,,,0,19:00:00,/en/matches/5eac360b/Vietnam-Iraq-November-21-2023-WCQ----AFC-M
,2026,,2024-03-21 Hong Kong-None,2024-03-21,Second round,Thu,Away,W,2,0,Hong Kong,0,0,0,,,,,,,,,0,20:00:00,/en/matches/305871f3/Hong-Kong-Uzbekistan-March-21-2024-WCQ----AFC-M
,2026,,2024-03-21 None-Korea DPR,2024-03-21,Second round,Thu,Home,W,1,0,Korea DPR,1,0,0,,,,,,,,,0,19:23:00,/en/matches/9402d6e2/Japan-Korea-DPR-March-21-2024-WCQ----AFC-M
,2026,,2024-03-21 None-Kuwait,2024-03-21,Second round,Thu,Home,W,3,0,Kuwait,0,0,0,,,,,,,,,0,21:30:00,/en/matches/aa4560ca/Qatar-Kuwait-March-21-2024-WCQ----AFC-M
,2026,,2024-03-21 None-Lebanon,2024-03-21,Second round,Thu,Home,W,2,0,Lebanon,2,0,0,,,,,,,,,0,20:10:00,/en/matches/d7d1e5b6/Australia-Lebanon-March-21-2024-WCQ----AFC-M
,2026,,2024-03-21 None-Philippines,2024-03-21,Second round,Thu,Home,W,1,0,Philippines,1,0,0,,,,,,,,,0,22:00:00,/en/matches/fb1a0b4c/Iraq-Philippines-March-21-2024-WCQ----AFC-M
,2026,,2024-03-21 None-Tajikistan,2024-03-21,Second round,Thu,Home,W,1,0,Tajikistan,2,0,0,,,,,,,,,0,22:00:00,/en/matches/55a1cffd/Saudi-Arabia-Tajikistan-March-21-2024-WCQ----AFC-M
,2026,,2024-03-21 None-Thailand,2024-03-21,Second round,Thu,Home,D,1,1,Thailand,0,0,0,,,,,,,,,0,20:00:00,/en/matches/5620715c/Korea-Republic-Thailand-March-21-2024-WCQ----AFC-M
,2026,,2024-03-21 None-Turkmenistan,2024-03-21,Second round,Thu,Home,W,5,0,Turkmenistan,1,0,0,,,,,,,,,0,20:30:00,/en/matches/9bcd142c/IR-Iran-Turkmenistan-March-21-2024-WCQ----AFC-M
,2026,,2024-03-21 Pakistan-None,2024-03-21,Second round,Thu,Away,W,3,0,Pakistan,1,0,0,,,,,,,,,0,14:00:00,/en/matches/0c0a6775/Pakistan-Jordan-March-21-2024-WCQ----AFC-M
,2026,,2024-03-26 Kuwait-None,2024-03-26,Second round,Tue,Away,W,2,1,Kuwait,2,0,0,,,,,,,,,0,22:00:00,/en/matches/69aaa58b/Kuwait-Qatar-March-26-2024-WCQ----AFC-M
,2026,,2024-03-26 Lebanon-Lebanon,2024-03-26,Second round,Tue,Neutral,W,5,0,Lebanon,1,0,0,,,,,,,,,0,19:45:00,/en/matches/4dabee7e/Lebanon-Australia-March-26-2024-WCQ----AFC-M
,2026,,2024-03-26 None-Hong Kong,2024-03-26,Second round,Tue,Home,W,3,0,Hong Kong,2,0,0,,,,,,,,,0,19:30:00,/en/matches/0635af99/Uzbekistan-Hong-Kong-March-26-2024-WCQ----AFC-M
,2026,,2024-03-26 None-Pakistan,2024-03-26,Second round,Tue,Home,W,7,0,Pakistan,1,0,0,,,,,,,,,0,21:00:00,/en/matches/5d123dc9/Jordan-Pakistan-March-26-2024-WCQ----AFC-M
,2026,,2024-03-26 Philippines-None,2024-03-26,Second round,Tue,Away,W,5,0,Philippines,0,0,0,,,,,,,,,0,19:00:00,/en/matches/65ac4cb2/Philippines-Iraq-March-26-2024-WCQ----AFC-M
,2026,,2024-03-26 Tajikistan-None,2024-03-26,Second round,Tue,Away,D,1,1,Tajikistan,1,0,0,,,,,,,,,0,20:00:00,/en/matches/bfcd8c4b/Tajikistan-Saudi-Arabia-March-26-2024-WCQ----AFC-M
,2026,,2024-03-26 Thailand-None,2024-03-26,Second round,Tue,Away,W,3,0,Thailand,1,0,0,,,,,,,,,0,19:30:00,/en/matches/7bcd7348/Thailand-Korea-Republic-March-26-2024-WCQ----AFC-M
,2026,,2024-03-26 Turkmenistan-None,2024-03-26,Second round,Tue,Away,W,1,0,Turkmenistan,2,0,0,,,,,,,,,0,20:00:00,/en/matches/a40108d3/Turkmenistan-IR-Iran-March-26-2024-WCQ----AFC-M
,2026,,2024-06-05 None-Equ. Guinea,2024-06-05,First round,Wed,Home,W,1,0,Equ. Guinea,5,0,0,,,,,,,,,0,20:00:00,/en/matches/e509f451/Tunisia-Equatorial-Guinea-June-5-2024-WCQ----CAF-M
,2026,,2024-06-06 Afghanistan-Afghanistan,2024-06-06,Second round,Thu,Neutral,D,0,0,Afghanistan,3,0,0,,,,,,,,,0,19:00:00,/en/matches/59aa43d0/Afghanistan-Qatar-June-6-2024-WCQ----AFC-M
,2026,,2024-06-06 Bangladesh-None,2024-06-06,Second round,Thu,Away,W,2,0,Bangladesh,0,0,0,,,,,,,,,0,16:45:00,/en/matches/88252278/Bangladesh-Australia-June-6-2024-WCQ----AFC-M
,2026,,2024-06-06 Hong Kong-None,2024-06-06,Second round,Thu,Away,W,4,2,Hong Kong,1,0,0,,,,,,,,,0,20:00:00,/en/matches/a40b3de9/Hong-Kong-IR-Iran-June-6-2024-WCQ----AFC-M
,2026,,2024-06-06 Indonesia-None,2024-06-06,Second round,Thu,Away,W,2,0,Indonesia,1,0,0,,,,,,,,,0,16:00:00,/en/matches/bbe14154/Indonesia-Iraq-June-6-2024-WCQ----AFC-M
,2026,,2024-06-06 Mali-None,2024-06-06,First round,Thu,Away,W,2,1,Mali,1,0,0,,,,,,,,,0,19:00:00,/en/matches/676ea0f7/Mali-Ghana-June-6-2024-WCQ----CAF-M
,2026,,2024-06-06 Myanmar-None,2024-06-06,Second round,Thu,Away,W,5,0,Myanmar,1,0,0,,,,,,,,,0,18:40:00,/en/matches/1da5aefb/Myanmar-Japan-June-6-2024-WCQ----AFC-M
,2026,,2024-06-06 None-Barbados,2024-06-06,Second round,Thu,Home,W,4,1,Barbados,2,0,0,,,,,,,,,0,08:30:00,/en/matches/fbb2e9ce/Curacao-Barbados-June-6-2024-WCQ----CONCACAF-M
,2026,,2024-06-06 None-Burkina Faso,2024-06-06,First round,Thu,Home,W,2,1,Burkina Faso,2,0,0,,,,,,,,,0,21:00:00,/en/matches/246d17f5/Egypt-Burkina-Faso-June-6-2024-WCQ----CAF-M
,2026,,2024-06-06 None-Congo DR,2024-06-06,First round,Thu,Home,D,1,1,Congo DR,2,0,0,,,,,,,,,0,19:00:00,/en/matches/ba8ce130/Senegal-Congo-DR-June-6-2024-WCQ----CAF-M
,2026,,2024-06-06 None-Guinea,2024-06-06,First round,Thu,Home,L,1,2,Guinea,2,0,0,,,,,,,,,0,22:00:00,/en/matches/ceca1b4a/Algeria-Guinea-June-6-2024-WCQ----CAF-M
,2026,,2024-06-06 None-Guyana,2024-06-06,Second round,Thu,Home,W,2,0,Guyana,3,0,0,,,,,,,,,0,19:30:00,/en/matches/3fd52545/Panama-Guyana-June-6-2024-WCQ----CONCACAF-M
,2026,,2024-06-06 None-St. Lucia,2024-06-06,Second round,Thu,Home,W,2,1,St. Lucia,2,0,0,,,,,,,,,0,17:00:00,/en/matches/21009528/Haiti-St-Lucia-June-6-2024-WCQ----CONCACAF-M
,2026,,2024-06-06 None-Tajikistan,2024-06-06,Second round,Thu,Home,W,3,0,Tajikistan,1,0,0,,,,,,,,,0,20:30:00,/en/matches/7efa0fb8/Jordan-Tajikistan-June-6-2024-WCQ----AFC-M
,2026,,2024-06-06 None-Turkmenistan,2024-06-06,Second round,Thu,Home,W,3,1,Turkmenistan,2,0,0,,,,,,,,,0,19:30:00,/en/matches/6b991823/Uzbekistan-Turkmenistan-June-6-2024-WCQ----AFC-M
,2026,,2024-06-06 Pakistan-None,2024-06-06,Second round,Thu,Away,W,3,0,Pakistan,0,0,0,,,,,,,,,0,20:30:00,/en/matches/02dd93e9/Pakistan-Saudi-Arabia-June-6-2024-WCQ----AFC-M
,2026,,2024-06-06 Senegal-None,2024-06-06,First round,Thu,Away,D,1,1,Senegal,1,0,0,,,,,,,,,0,19:00:00,/en/matches/ba8ce130/Senegal-Congo-DR-June-6-2024-WCQ----CAF-M
,2026,,2024-06-06 Singapore-None,2024-06-06,Second round,Thu,Away,W,7,0,Singapore,0,0,0,,,,,,,,,0,20:00:00,/en/matches/e8a870da/Singapore-Korea-Republic-June-6-2024-WCQ----AFC-M
,2026,,2024-06-07 Nigeria-None,2024-06-07,First round,Fri,Away,D,1,1,Nigeria,3,0,0,,,,,,,,,0,20:00:00,/en/matches/bf096bb2/Nigeria-South-Africa-June-7-2024-WCQ----CAF-M
,2026,,2024-06-07 None-Gabon,2024-06-07,First round,Fri,Home,W,1,0,Gabon,0,0,0,,,,,,,,,0,19:00:00,/en/matches/c858edc7/Cote-dIvoire-Gabon-June-7-2024-WCQ----CAF-M
,2026,,2024-06-07 None-Zambia,2024-06-07,First round,Fri,Home,W,2,1,Zambia,0,0,0,,,,,,,,,0,20:00:00,/en/matches/b767d6a0/Morocco-Zambia-June-7-2024-WCQ----CAF-M
,2026,,2024-06-08 Aruba-None,2024-06-08,Second round,Sat,Away,W,2,0,Aruba,0,0,0,,,,,,,,,0,20:00:00,/en/matches/03de5ddf/Aruba-Curacao-June-8-2024-WCQ----CONCACAF-M
,2026,,2024-06-08 Cameroon-None,2024-06-08,First round,Sat,Away,L,1,4,Cameroon,0,0,0,,,,,,,,,0,14:00:00,/en/matches/581fa1b7/Cameroon-Cabo-Verde-June-8-2024-WCQ----CAF-M
,2026,,2024-06-09 Barbados-None,2024-06-09,Second round,Sun,Away,W,3,1,Barbados,1,0,0,,,,,,,,,0,17:00:00,/en/matches/07fca286/Barbados-Haiti-June-9-2024-WCQ----CONCACAF-M
,2026,,2024-06-09 Mauritania-None,2024-06-09,First round,Sun,Away,W,1,0,Mauritania,1,0,0,,,,,,,,,0,16:00:00,/en/matches/b611fa69/Mauritania-Senegal-June-9-2024-WCQ----CAF-M
,2026,,2024-06-09 Montserrat-None,2024-06-09,Second round,Sun,Away,W,3,1,Montserrat,0,0,0,,,,,,,,,0,19:00:00,/en/matches/74f47cc6/Montserrat-Panama-June-9-2024-WCQ----CONCACAF-M
,2026,,2024-06-09 Namibia-Namibia,2024-06-09,First round,Sun,Neutral,D,0,0,Namibia,0,0,0,,,,,,,,,0,18:00:00,/en/matches/4ea5c113/Namibia-Tunisia-June-9-2024-WCQ----CAF-M
,2026,,2024-06-09 None-Togo,2024-06-09,First round,Sun,Home,W,1,0,Togo,1,0,0,,,,,,,,,0,17:00:00,/en/matches/9cf901f9/Congo-DR-Togo-June-9-2024-WCQ----CAF-M
,2026,,2024-06-10 Guinea-Bissau-None,2024-06-10,First round,Mon,Away,D,1,1,Guinea-Bissau,2,0,0,,,,,,,,,0,16:00:00,/en/matches/5f1718d0/Guinea-Bissau-Egypt-June-10-2024-WCQ----CAF-M
,2026,,2024-06-10 None-CAR,2024-06-10,First round,Mon,Home,W,4,3,CAR,2,0,0,,,,,,,,,0,19:00:00,/en/matches/4411ff7e/Ghana-Central-African-Republic-June-10-2024-WCQ----CAF-M
,2026,,2024-06-10 Uganda-None,2024-06-10,First round,Mon,Away,W,2,1,Uganda,3,0,0,,,,,,,,,0,19:00:00,/en/matches/64f8c7e8/Uganda-Algeria-June-10-2024-WCQ----CAF-M
,2026,,2024-06-11 Congo-Congo,2024-06-11,First round,Tue,Neutral,W,6,0,Congo,0,0,0,,,,,,,,,0,20:00:00,/en/matches/da88a674/Congo-Morocco-June-11-2024-WCQ----CAF-M
,2026,,2024-06-11 IR Iran-None,2024-06-11,Second round,Tue,Away,D,0,0,IR Iran,1,0,0,,,,,,,,,0,21:30:00,/en/matches/d8114698/IR-Iran-Uzbekistan-June-11-2024-WCQ----AFC-M
,2026,,2024-06-11 Kenya-Kenya,2024-06-11,First round,Tue,Neutral,D,0,0,Kenya,1,0,0,,,,,,,,,0,15:00:00,/en/matches/480b570a/Kenya-Cote-dIvoire-June-11-2024-WCQ----CAF-M
,2026,,2024-06-11 None-China PR,2024-06-11,Second round,Tue,Home,W,1,0,China PR,1,0,0,,,,,,,,,0,20:00:00,/en/matches/a9032a94/Korea-Republic-China-PR-June-11-2024-WCQ----AFC-M
,2026,,2024-06-11 None-India,2024-06-11,Second round,Tue,Home,W,2,1,India,2,0,0,,,,,,,,,0,18:45:00,/en/matches/91f832ba/Qatar-India-June-11-2024-WCQ----AFC-M
,2026,,2024-06-11 None-Jordan,2024-06-11,Second round,Tue,Home,L,1,2,Jordan,3,0,0,,,,,,,,,0,21:00:00,/en/matches/f99487d7/Saudi-Arabia-Jordan-June-11-2024-WCQ----AFC-M
,2026,,2024-06-11 None-Libya,2024-06-11,First round,Tue,Home,W,1,0,Libya,2,0,0,,,,,,,,,0,15:00:00,/en/matches/6005ac0d/Cabo-Verde-Libya-June-11-2024-WCQ----CAF-M
,2026,,2024-06-11 None-Palestine,2024-06-11,Second round,Tue,Home,W,5,0,Palestine,3,0,0,,,,,,,,,0,20:10:00,/en/matches/bac1275f/Australia-Palestine-June-11-2024-WCQ----AFC-M
,2026,,2024-06-11 None-Syria,2024-06-11,Second round,Tue,Home,W,5,0,Syria,1,0,0,,,,,,,,,0,19:14:00,/en/matches/1e1e0432/Japan-Syria-June-11-2024-WCQ----AFC-M
,2026,,2024-06-11 None-Uzbekistan,2024-06-11,Second round,Tue,Home,D,0,0,Uzbekistan,1,0,0,,,,,,,,,0,21:30:00,/en/matches/d8114698/IR-Iran-Uzbekistan-June-11-2024-WCQ----AFC-M
,2026,,2024-06-11 None-Vietnam,2024-06-11,Second round,Tue,Home,W,3,1,Vietnam,1,0,0,,,,,,,,,0,21:00:00,/en/matches/13c5e4bb/Iraq-Vietnam-June-11-2024-WCQ----AFC-M
,2026,,2024-06-11 None-Zimbabwe,2024-06-11,First round,Tue,Home,W,3,1,Zimbabwe,1,0,0,,,,,,,,,0,18:00:00,/en/matches/475cfa0e/South-Africa-Zimbabwe-June-11-2024-WCQ----CAF-M
,2026,,2024-06-11 Saudi Arabia-None,2024-06-11,Second round,Tue,Away,W,2,1,Saudi Arabia,2,0,0,,,,,,,,,0,21:00:00,/en/matches/f99487d7/Saudi-Arabia-Jordan-June-11-2024-WCQ----AFC-M
,2026,,2024-09-05 None-Bahrain,2024-09-05,Third round,Thu,Home,L,0,1,Bahrain,3,1,0,13,17,2,23,2,8,,,1,20:10:00,/en/matches/10a08731/Australia-Bahrain-September-5-2024-WCQ----AFC-M
,2026,,2024-09-05 None-Chile,2024-09-05,World Cup qualification,Thu,Home,W,3,0,Chile,2,0,0,8,14,0,19,17,9,,,0,21:00:00,/en/matches/368ff884/Argentina-Chile-September-5-2024-WCQ----CONMEBOL-M
,2026,,2024-09-05 None-China PR,2024-09-05,Third round,Thu,Home,W,7,0,China PR,0,0,0,20,9,0,30,7,4,,,0,19:35:00,/en/matches/1dc362ac/Japan-China-PR-September-5-2024-WCQ----AFC-M
,2026,,2024-09-05 None-Indonesia,2024-09-05,Third round,Thu,Home,D,1,1,Indonesia,2,0,0,6,15,4,25,12,6,,,0,21:00:00,/en/matches/34684991/Saudi-Arabia-Indonesia-September-5-2024-WCQ----AFC-M
,2026,,2024-09-05 None-Korea DPR,2024-09-05,Third round,Thu,Home,W,1,0,Korea DPR,0,0,0,11,14,4,17,19,10,,,0,19:00:00,/en/matches/d6caf3ec/Uzbekistan-Korea-DPR-September-5-2024-WCQ----AFC-M
,2026,,2024-09-05 None-Kuwait,2024-09-05,Third round,Thu,Home,D,1,1,Kuwait,1,0,0,19,9,0,14,16,14,,,0,21:00:00,/en/matches/ba5eab2d/Jordan-Kuwait-September-5-2024-WCQ----AFC-M
,2026,,2024-09-05 None-Kyrgyz Republic,2024-09-05,Third round,Thu,Home,W,1,0,Kyrgyz Republic,0,0,0,5,10,4,19,3,10,,,0,20:30:00,/en/matches/47632c55/IR-Iran-Kyrgyz-Republic-September-5-2024-WCQ----AFC-M
,2026,,2024-09-05 None-Oman,2024-09-05,Third round,Thu,Home,W,1,0,Oman,1,0,0,16,2,3,7,10,7,,,0,19:00:00,/en/matches/68be961d/Iraq-Oman-September-5-2024-WCQ----AFC-M
,2026,,2024-09-05 None-Palestine,2024-09-05,Third round,Thu,Home,D,0,0,Palestine,1,0,0,12,7,0,16,2,5,,,0,20:00:00,/en/matches/c95bcad6/Korea-Republic-Palestine-September-5-2024-WCQ----AFC-M
,2026,,2024-09-05 None-UAE,2024-09-05,Third round,Thu,Home,L,1,3,UAE,2,0,0,16,8,2,26,5,12,,,0,19:00:00,/en/matches/baa1d351/Qatar-United-Arab-Emirates-September-5-2024-WCQ----AFC-M
,2026,,2024-09-06 Brazil-None,2024-09-06,World Cup qualification,Fri,Away,L,0,1,Brazil,0,0,0,17,8,2,9,11,8,,,0,22:00:00,/en/matches/8da8f0c8/Brazil-Ecuador-September-6-2024-WCQ----CONMEBOL-M
,2026,,2024-09-06 None-Ecuador,2024-09-06,World Cup qualification,Fri,Home,W,1,0,Ecuador,1,0,0,8,17,0,9,9,4,,,0,22:00:00,/en/matches/8da8f0c8/Brazil-Ecuador-September-6-2024-WCQ----CONMEBOL-M
,2026,,2024-09-06 None-Paraguay,2024-09-06,World Cup qualification,Fri,Home,D,0,0,Paraguay,4,0,0,13,11,4,31,10,8,,,0,20:30:00,/en/matches/87b3dc5b/Uruguay-Paraguay-September-6-2024-WCQ----CONMEBOL-M
,2026,,2024-09-06 Peru-None,2024-09-06,World Cup qualification,Fri,Away,D,1,1,Peru,2,0,0,13,7,0,25,9,8,,,0,20:30:00,/en/matches/9800bfd8/Peru-Colombia-September-6-2024-WCQ----CONMEBOL-M
,2026,,2024-09-06 Uruguay-None,2024-09-06,World Cup qualification,Fri,Away,D,0,0,Uruguay,2,0,0,11,12,2,1,14,11,,,0,20:30:00,/en/matches/87b3dc5b/Uruguay-Paraguay-September-6-2024-WCQ----CONMEBOL-M
,2026,,2024-09-10 Bahrain-None,2024-09-10,Third round,Tue,Away,W,5,0,Bahrain,0,0,0,11,6,5,15,5,8,,,0,19:00:00,/en/matches/b9b375c2/Bahrain-Japan-September-10-2024-WCQ----AFC-M
,2026,,2024-09-10 China PR-None,2024-09-10,Third round,Tue,Away,W,2,1,China PR,3,1,0,9,14,0,13,7,14,,,1,20:00:00,/en/matches/cebb22d0/China-PR-Saudi-Arabia-September-10-2024-WCQ----AFC-M
,2026,,2024-09-10 Colombia-None,2024-09-10,World Cup qualification,Tue,Away,L,1,2,Colombia,2,0,0,10,8,0,15,7,10,,,0,15:30:00,/en/matches/a116795c/Colombia-Argentina-September-10-2024-WCQ----CONMEBOL-M
,2026,,2024-09-10 Indonesia-None,2024-09-10,Third round,Tue,Away,D,0,0,Indonesia,3,0,0,7,12,3,34,4,12,,,0,19:00:00,/en/matches/b9d3ffd0/Indonesia-Australia-September-10-2024-WCQ----AFC-M
,2026,,2024-09-10 Korea DPR-Korea DPR,2024-09-10,Third round,Tue,Neutral,D,2,2,Korea DPR,2,0,0,14,13,1,32,6,6,,,0,19:00:00,/en/matches/85268717/Korea-DPR-Qatar-September-10-2024-WCQ----AFC-M
,2026,,2024-09-10 Kuwait-None,2024-09-10,Third round,Tue,Away,D,0,0,Kuwait,1,1,0,7,14,0,12,6,7,,,0,21:00:00,/en/matches/c8af72c4/Kuwait-Iraq-September-10-2024-WCQ----AFC-M
,2026,,2024-09-10 Kyrgyz Republic-None,2024-09-10,Third round,Tue,Away,W,3,2,Kyrgyz Republic,2,0,0,8,4,1,28,5,10,,,0,20:00:00,/en/matches/729e9176/Kyrgyz-Republic-Uzbekistan-September-10-2024-WCQ----AFC-M
,2026,,2024-09-10 None-Argentina,2024-09-10,World Cup qualification,Tue,Home,W,2,1,Argentina,2,0,0,8,8,2,10,5,9,,,0,15:30:00,/en/matches/a116795c/Colombia-Argentina-September-10-2024-WCQ----CONMEBOL-M
,2026,,2024-09-10 None-Brazil,2024-09-10,World Cup qualification,Tue,Home,W,1,0,Brazil,4,0,0,13,7,0,13,2,12,,,0,20:30:00,/en/matches/f40d8740/Paraguay-Brazil-September-10-2024-WCQ----CONMEBOL-M
,2026,,2024-09-10 None-Peru,2024-09-10,World Cup qualification,Tue,Home,W,1,0,Peru,1,0,0,20,7,5,25,10,6,,,0,16:00:00,/en/matches/29425586/Ecuador-Peru-September-10-2024-WCQ----CONMEBOL-M
,2026,,2024-09-10 Oman-None,2024-09-10,Third round,Tue,Away,W,3,1,Oman,2,0,0,11,15,2,25,9,6,,,1,18:00:00,/en/matches/ec1883b2/Oman-Korea-Republic-September-10-2024-WCQ----AFC-M
,2026,,2024-09-10 Palestine-Palestine,2024-09-10,Third round,Tue,Neutral,W,3,1,Palestine,0,0,0,8,8,2,14,9,12,,,0,22:00:00,/en/matches/9e8c26b1/Palestine-Jordan-September-10-2024-WCQ----AFC-M
,2026,,2024-09-10 Paraguay-None,2024-09-10,World Cup qualification,Tue,Away,L,0,1,Paraguay,2,0,0,8,12,0,21,7,8,,,0,20:30:00,/en/matches/f40d8740/Paraguay-Brazil-September-10-2024-WCQ----CONMEBOL-M
,2026,,2024-09-10 UAE-None,2024-09-10,Third round,Tue,Away,W,1,0,UAE,5,0,0,7,5,1,6,4,10,,,0,20:00:00,/en/matches/f2e5d98e/United-Arab-Emirates-IR-Iran-September-10-2024-WCQ----AFC-M
,2026,,2024-09-10 Venezuela-None,2024-09-10,World Cup qualification,Tue,Away,D,0,0,Venezuela,4,0,0,17,7,5,13,14,14,,,0,18:00:00,/en/matches/3c0cdf72/Venezuela-Uruguay-September-10-2024-WCQ----CONMEBOL-M
,2026,,2024-10-10 Bolivia-None,2024-10-10,World Cup qualification,Thu,Away,L,0,1,Bolivia,1,0,0,8,9,1,31,6,9,,,0,16:00:00,/en/matches/cf073fac/Bolivia-Colombia-October-10-2024-WCQ----CONMEBOL-M
,2026,,2024-10-10 Chile-None,2024-10-10,World Cup qualification,Thu,Away,W,2,1,Chile,2,0,0,12,14,2,15,2,9,,,0,21:00:00,/en/matches/be9cefba/Chile-Brazil-October-10-2024-WCQ----CONMEBOL-M
,2026,,2024-10-10 Ecuador-None,2024-10-10,World Cup qualification,Thu,Away,D,0,0,Ecuador,1,0,0,10,6,1,10,7,13,,,0,16:00:00,/en/matches/c4354f34/Ecuador-Paraguay-October-10-2024-WCQ----CONMEBOL-M
,2026,,2024-10-10 Jordan-None,2024-10-10,Third round,Thu,Away,W,2,0,Jordan,0,0,0,7,12,2,13,3,18,,,0,17:00:00,/en/matches/aa794aa7/Jordan-Korea-Republic-October-10-2024-WCQ----AFC-M
,2026,,2024-10-10 None-China PR,2024-10-10,Third round,Thu,Home,W,3,1,China PR,0,0,0,9,12,1,21,8,4,,,0,19:40:00,/en/matches/30586f79/Australia-China-PR-October-10-2024-WCQ----AFC-M
,2026,,2024-10-10 None-IR Iran,2024-10-10,Third round,Thu,Home,D,0,0,IR Iran,3,0,0,19,5,2,17,12,10,,,0,19:00:00,/en/matches/812a04e9/Uzbekistan-IR-Iran-October-10-2024-WCQ----AFC-M
,2026,,2024-10-10 None-Japan,2024-10-10,Third round,Thu,Home,L,0,2,Japan,1,0,0,8,12,1,14,7,15,,,0,21:00:00,/en/matches/19cbb8b1/Saudi-Arabia-Japan-October-10-2024-WCQ----AFC-M
,2026,,2024-10-10 None-Korea Republic,2024-10-10,Third round,Thu,Home,L,0,2,Korea Republic,1,0,0,12,6,1,8,9,6,,,0,17:00:00,/en/matches/aa794aa7/Jordan-Korea-Republic-October-10-2024-WCQ----AFC-M
,2026,,2024-10-10 None-Kyrgyz Republic,2024-10-10,Third round,Thu,Home,W,3,1,Kyrgyz Republic,2,0,0,4,17,0,27,8,14,,,0,19:00:00,/en/matches/059b56ef/Qatar-Kyrgyz-Republic-October-10-2024-WCQ----AFC-M
,2026,,2024-10-10 None-Palestine,2024-10-10,Third round,Thu,Home,W,1,0,Palestine,2,0,0,15,11,0,19,10,11,,,0,21:00:00,/en/matches/61015812/Iraq-Palestine-October-10-2024-WCQ----AFC-M
,2026,,2024-10-10 None-Paraguay,2024-10-10,World Cup qualification,Thu,Home,D,0,0,Paraguay,1,0,0,6,8,3,28,10,6,,,0,16:00:00,/en/matches/c4354f34/Ecuador-Paraguay-October-10-2024-WCQ----CONMEBOL-M
,2026,,2024-10-10 Saudi Arabia-None,2024-10-10,Third round,Thu,Away,W,2,0,Saudi Arabia,2,0,0,12,7,4,14,16,8,,,0,21:00:00,/en/matches/19cbb8b1/Saudi-Arabia-Japan-October-10-2024-WCQ----AFC-M
,2026,,2024-10-10 Uzbekistan-None,2024-10-10,Third round,Thu,Away,D,0,0,Uzbekistan,1,1,0,5,17,0,20,6,15,,,0,19:00:00,/en/matches/812a04e9/Uzbekistan-IR-Iran-October-10-2024-WCQ----AFC-M
,2026,,2024-10-10 Venezuela-None,2024-10-10,World Cup qualification,Thu,Away,D,1,1,Venezuela,1,0,0,13,19,0,9,5,12,,,0,17:00:00,/en/matches/ab629e8a/Venezuela-Argentina-October-10-2024-WCQ----CONMEBOL-M
,2026,,2024-10-11 Peru-None,2024-10-11,World Cup qualification,Fri,Away,L,0,1,Peru,1,0,0,6,16,1,11,13,11,,,0,20:30:00,/en/matches/67e91e6b/Peru-Uruguay-October-11-2024-WCQ----CONMEBOL-M
,2026,,2024-10-11 Tahiti-Tahiti,2024-10-11,Second round,Fri,Neutral,W,3,0,Tahiti,1,0,0,,,,,,,,,0,13:00:00,/en/matches/af72bb90/New-Zealand-Tahiti-October-11-2024-WCQ----OFC-M
,2026,,2024-10-15 IR Iran-IR Iran,2024-10-15,Third round,Tue,Neutral,L,1,4,IR Iran,0,0,0,3,12,2,20,15,11,,,0,19:30:00,/en/matches/58d5c397/IR-Iran-Qatar-October-15-2024-WCQ----AFC-M
,2026,,2024-10-15 Japan-None,2024-10-15,Third round,Tue,Away,D,1,1,Japan,4,0,0,9,12,,3,23,7,,,1,19:35:00,/en/matches/53fa3c4e/Japan-Australia-October-15-2024-WCQ----AFC-M
,2026,,2024-10-15 Korea Republic-None,2024-10-15,Third round,Tue,Away,L,2,3,Korea Republic,2,0,0,8,6,3,12,5,15,,,0,20:00:00,/en/matches/ad95fa29/Korea-Republic-Iraq-October-15-2024-WCQ----AFC-M
,2026,,2024-10-15 None-Australia,2024-10-15,Third round,Tue,Home,D,1,1,Australia,0,0,0,12,9,,31,13,15,,,1,19:35:00,/en/matches/53fa3c4e/Japan-Australia-October-15-2024-WCQ----AFC-M
,2026,,2024-10-15 None-Bahrain,2024-10-15,Third round,Tue,Home,D,0,0,Bahrain,1,0,0,9,12,5,26,7,15,,,0,21:00:00,/en/matches/7be76bd3/Saudi-Arabia-Bahrain-October-15-2024-WCQ----AFC-M
,2026,,2024-10-15 None-Bolivia,2024-10-15,World Cup qualification,Tue,Home,W,6,0,Bolivia,0,0,0,10,12,3,6,11,8,,,0,21:00:00,/en/matches/1682e565/Argentina-Bolivia-October-15-2024-WCQ----CONMEBOL-M
,2026,,2024-10-15 None-Chile,2024-10-15,World Cup qualification,Tue,Home,W,4,0,Chile,2,0,0,16,14,8,17,5,11,,,0,15:30:00,/en/matches/e5141722/Colombia-Chile-October-15-2024-WCQ----CONMEBOL-M
,2026,,2024-10-15 None-Ecuador,2024-10-15,World Cup qualification,Tue,Home,D,0,0,Ecuador,1,0,0,14,12,1,12,6,10,,,0,20:30:00,/en/matches/d046b8a6/Uruguay-Ecuador-October-15-2024-WCQ----CONMEBOL-M
,2026,,2024-10-15 None-Iraq,2024-10-15,Third round,Tue,Home,W,3,2,Iraq,3,0,0,7,8,3,11,6,10,,,0,20:00:00,/en/matches/ad95fa29/Korea-Republic-Iraq-October-15-2024-WCQ----AFC-M
,2026,,2024-10-15 None-Oman,2024-10-15,Third round,Tue,Home,W,4,0,Oman,0,0,0,16,3,1,19,7,12,,,0,19:00:00,/en/matches/5f683c48/Jordan-Oman-October-15-2024-WCQ----AFC-M
,2026,,2024-10-15 None-Peru,2024-10-15,World Cup qualification,Tue,Home,W,4,0,Peru,1,0,0,10,16,0,20,5,12,,,0,21:45:00,/en/matches/398f157e/Brazil-Peru-October-15-2024-WCQ----CONMEBOL-M
,2026,,2024-10-15 None-UAE,2024-10-15,Third round,Tue,Home,W,1,0,UAE,1,0,0,9,5,2,34,15,17,,,0,19:00:00,/en/matches/c94cf88a/Uzbekistan-United-Arab-Emirates-October-15-2024-WCQ----AFC-M
,2026,,2024-10-15 None-Venezuela,2024-10-15,World Cup qualification,Tue,Home,W,2,1,Venezuela,2,0,0,10,17,2,29,10,11,,,0,20:00:00,/en/matches/b055e496/Paraguay-Venezuela-October-15-2024-WCQ----CONMEBOL-M
,2026,,2024-10-15 Qatar-Qatar,2024-10-15,Third round,Tue,Neutral,W,4,1,Qatar,3,0,0,12,3,3,12,8,6,,,0,19:30:00,/en/matches/58d5c397/IR-Iran-Qatar-October-15-2024-WCQ----AFC-M
,2026,,2024-10-15 Uruguay-None,2024-10-15,World Cup qualification,Tue,Away,D,0,0,Uruguay,1,0,0,12,14,0,17,13,8,,,0,20:30:00,/en/matches/d046b8a6/Uruguay-Ecuador-October-15-2024-WCQ----CONMEBOL-M
,2026,,2024-11-14 Australia-None,2024-11-14,Third round,Thu,Away,D,0,0,Australia,2,0,0,8,8,5,16,8,19,,,0,20:10:00,/en/matches/84c76d11/Australia-Saudi-Arabia-November-14-2024-WCQ----AFC-M
,2026,,2024-11-14 Iraq-None,2024-11-14,Third round,Thu,Away,D,0,0,Iraq,2,0,0,14,9,1,12,7,10,,,0,19:15:00,/en/matches/67a25229/Iraq-Jordan-November-14-2024-WCQ----AFC-M
,2026,,2024-11-14 Korea DPR-Korea DPR,2024-11-14,Third round,Thu,Neutral,W,3,2,Korea DPR,1,1,0,7,11,1,12,8,3,,,1,19:00:00,/en/matches/50c84f34/Korea-DPR-IR-Iran-November-14-2024-WCQ----AFC-M
,2026,,2024-11-14 Kuwait-None,2024-11-14,Third round,Thu,Away,W,3,1,Kuwait,1,0,0,10,9,4,13,8,7,,,0,17:00:00,/en/matches/c24b5438/Kuwait-Korea-Republic-November-14-2024-WCQ----AFC-M
,2026,,2024-11-14 None-Argentina,2024-11-14,World Cup qualification,Thu,Home,W,2,1,Argentina,3,0,0,17,9,2,18,17,6,,,0,20:30:00,/en/matches/70ebc98c/Paraguay-Argentina-November-14-2024-WCQ----CONMEBOL-M
,2026,,2024-11-14 None-Bolivia,2024-11-14,World Cup qualification,Thu,Home,W,4,0,Bolivia,0,0,0,13,4,1,19,2,13,,,0,19:00:00,/en/matches/a77d4729/Ecuador-Bolivia-November-14-2024-WCQ----CONMEBOL-M
,2026,,2024-11-14 None-Jordan,2024-11-14,Third round,Thu,Home,D,0,0,Jordan,2,0,0,10,12,0,18,6,14,,,0,19:15:00,/en/matches/67a25229/Iraq-Jordan-November-14-2024-WCQ----AFC-M
,2026,,2024-11-14 None-Saudi Arabia,2024-11-14,Third round,Thu,Home,D,0,0,Saudi Arabia,2,0,0,10,7,7,13,13,7,,,0,20:10:00,/en/matches/84c76d11/Australia-Saudi-Arabia-November-14-2024-WCQ----AFC-M
,2026,,2024-11-14 None-Uzbekistan,2024-11-14,Third round,Thu,Home,W,3,2,Uzbekistan,2,0,0,10,5,1,10,13,11,,,0,19:15:00,/en/matches/38a3fe1f/Qatar-Uzbekistan-November-14-2024-WCQ----AFC-M
,2026,,2024-11-14 Paraguay-None,2024-11-14,World Cup qualification,Thu,Away,L,1,2,Paraguay,1,0,0,9,16,1,11,4,15,,,0,20:30:00,/en/matches/70ebc98c/Paraguay-Argentina-November-14-2024-WCQ----CONMEBOL-M
,2026,,2024-11-14 Qatar-None,2024-11-14,Third round,Thu,Away,L,2,3,Qatar,1,0,0,7,8,3,31,9,18,,,0,19:15:00,/en/matches/38a3fe1f/Qatar-Uzbekistan-November-14-2024-WCQ----AFC-M
,2026,,2024-11-14 Venezuela-None,2024-11-14,World Cup qualification,Thu,Away,D,1,1,Venezuela,2,0,0,12,11,2,21,1,9,,,0,17:00:00,/en/matches/bd726a09/Venezuela-Brazil-November-14-2024-WCQ----CONMEBOL-M
,2026,,2024-11-15 Indonesia-None,2024-11-15,Third round,Fri,Away,W,4,0,Indonesia,1,0,0,6,8,1,16,8,8,,,0,19:00:00,/en/matches/822b50cd/Indonesia-Japan-November-15-2024-WCQ----AFC-M
,2026,,2024-11-15 None-Colombia,2024-11-15,World Cup qualification,Fri,Home,W,3,2,Colombia,4,0,0,18,12,2,24,8,15,,,0,21:00:00,/en/matches/68a63ecd/Uruguay-Colombia-November-15-2024-WCQ----CONMEBOL-M
,2026,,2024-11-15 Uruguay-None,2024-11-15,World Cup qualification,Fri,Away,L,2,3,Uruguay,2,0,0,14,17,1,4,14,10,,,1,21:00:00,/en/matches/68a63ecd/Uruguay-Colombia-November-15-2024-WCQ----CONMEBOL-M
,2026,,2024-11-15 Vanuatu-Vanuatu,2024-11-15,Second round,Fri,Neutral,W,8,1,Vanuatu,0,0,0,,,,,,,,,0,19:30:00,/en/matches/356dcbd3/New-Zealand-Vanuatu-November-15-2024-WCQ----OFC-M
,2026,,2024-11-18 Samoa-Samoa,2024-11-18,Second round,Mon,Neutral,W,8,0,Samoa,0,0,0,,,,,,,,,0,19:30:00,/en/matches/253e2a60/Samoa-New-Zealand-November-18-2024-WCQ----OFC-M
,2026,,2024-11-19 Bahrain-None,2024-11-19,Third round,Tue,Away,D,2,2,Bahrain,1,0,0,10,8,5,19,8,9,,,0,21:15:00,/en/matches/1ab55832/Bahrain-Australia-November-19-2024-WCQ----AFC-M
,2026,,2024-11-19 Bolivia-None,2024-11-19,World Cup qualification,Tue,Away,D,2,2,Bolivia,0,1,0,10,7,0,8,6,15,,,0,16:00:00,/en/matches/29e7ab7e/Bolivia-Paraguay-November-19-2024-WCQ----CONMEBOL-M
,2026,,2024-11-19 Brazil-None,2024-11-19,World Cup qualification,Tue,Away,D,1,1,Brazil,2,0,0,11,14,1,12,5,16,,,0,21:45:00,/en/matches/1d7d18d3/Brazil-Uruguay-November-19-2024-WCQ----CONMEBOL-M
,2026,,2024-11-19 China PR-None,2024-11-19,Third round,Tue,Away,W,3,1,China PR,1,0,0,10,17,1,14,5,11,,,0,20:00:00,/en/matches/55f958d8/China-PR-Japan-November-19-2024-WCQ----AFC-M
,2026,,2024-11-19 Colombia-None,2024-11-19,World Cup qualification,Tue,Away,W,1,0,Colombia,2,1,0,11,11,0,2,9,7,,,0,18:00:00,/en/matches/58dcd927/Colombia-Ecuador-November-19-2024-WCQ----CONMEBOL-M
,2026,,2024-11-19 Indonesia-None,2024-11-19,Third round,Tue,Away,L,0,2,Indonesia,3,0,0,4,15,1,39,10,10,,,0,19:00:00,/en/matches/958478d0/Indonesia-Saudi-Arabia-November-19-2024-WCQ----AFC-M
,2026,,2024-11-19 Korea DPR-Korea DPR,2024-11-19,Third round,Tue,Neutral,W,1,0,Korea DPR,1,1,0,9,8,1,14,9,13,,,0,19:00:00,/en/matches/7ed569f0/Korea-DPR-Uzbekistan-November-19-2024-WCQ----AFC-M
,2026,,2024-11-19 Kuwait-None,2024-11-19,Third round,Tue,Away,D,1,1,Kuwait,1,0,0,10,4,4,35,4,21,,,0,21:15:00,/en/matches/420712d4/Kuwait-Jordan-November-19-2024-WCQ----AFC-M
,2026,,2024-11-19 Kyrgyz Republic-None,2024-11-19,Third round,Tue,Away,W,3,2,Kyrgyz Republic,1,0,0,13,8,1,15,11,8,,,0,20:00:00,/en/matches/248b7f63/Kyrgyz-Republic-IR-Iran-November-19-2024-WCQ----AFC-M
,2026,,2024-11-19 None-Ecuador,2024-11-19,World Cup qualification,Tue,Home,L,0,1,Ecuador,3,0,0,12,10,5,35,5,8,,,0,18:00:00,/en/matches/58dcd927/Colombia-Ecuador-November-19-2024-WCQ----CONMEBOL-M
,2026,,2024-11-19 None-Peru,2024-11-19,World Cup qualification,Tue,Home,W,1,0,Peru,0,0,0,10,18,1,9,10,9,,,0,21:00:00,/en/matches/0dba6a58/Argentina-Peru-November-19-2024-WCQ----CONMEBOL-M
,2026,,2024-11-19 None-Uruguay,2024-11-19,World Cup qualification,Tue,Home,D,1,1,Uruguay,3,0,0,15,11,1,13,7,10,,,0,21:45:00,/en/matches/1d7d18d3/Brazil-Uruguay-November-19-2024-WCQ----CONMEBOL-M
,2026,,2024-11-19 Oman-None,2024-11-19,Third round,Tue,Away,W,1,0,Oman,3,0,0,26,8,1,11,8,9,,,0,20:00:00,/en/matches/0bb05102/Oman-Iraq-November-19-2024-WCQ----AFC-M
,2026,,2024-11-19 Palestine-Palestine,2024-11-19,Third round,Tue,Neutral,D,1,1,Palestine,0,0,0,6,15,4,28,6,5,,,0,17:00:00,/en/matches/70c665e7/Palestine-Korea-Republic-November-19-2024-WCQ----AFC-M
,2026,,2024-11-19 UAE-None,2024-11-19,Third round,Tue,Away,L,0,5,UAE,3,0,0,19,20,1,18,5,11,,,0,20:00:00,/en/matches/86d8141f/United-Arab-Emirates-Qatar-November-19-2024-WCQ----AFC-M
,2026,,2025-03-19 Liberia-None,2025-03-19,First round,Wed,Away,W,1,0,Liberia,1,0,0,,,,,,,,,0,16:00:00,/en/matches/81bfb76c/Liberia-Tunisia-March-19-2025-WCQ----CAF-M
,2026,,2025-03-20 Brazil-None,2025-03-20,World Cup qualification,Thu,Away,L,1,2,Brazil,1,0,0,24,13,4,14,5,9,,,0,21:45:00,/en/matches/8113f03f/Brazil-Colombia-March-20-2025-WCQ----CONMEBOL-M
,2026,,2025-03-20 None-Bahrain,2025-03-20,Third round,Thu,Home,W,2,0,Bahrain,1,0,0,18,5,2,15,14,8,,,0,19:35:00,/en/matches/909338e3/Japan-Bahrain-March-20-2025-WCQ----AFC-M
,2026,,2025-03-20 None-Chile,2025-03-20,World Cup qualification,Thu,Home,W,1,0,Chile,0,0,0,10,8,2,15,12,13,,,0,20:00:00,/en/matches/7cb2c20b/Paraguay-Chile-March-20-2025-WCQ----CONMEBOL-M
,2026,,2025-03-20 None-China PR,2025-03-20,Third round,Thu,Home,W,1,0,China PR,0,0,0,4,8,5,21,5,15,,,0,21:15:00,/en/matches/a7d9d337/Saudi-Arabia-China-PR-March-20-2025-WCQ----AFC-M
,2026,,2025-03-20 None-Colombia,2025-03-20,World Cup qualification,Thu,Home,W,2,1,Colombia,3,0,0,15,23,0,15,7,7,,,0,21:45:00,/en/matches/8113f03f/Brazil-Colombia-March-20-2025-WCQ----CONMEBOL-M
,2026,,2025-03-20 None-Indonesia,2025-03-20,Third round,Thu,Home,W,5,1,Indonesia,0,0,0,11,13,0,6,7,1,,,0,20:10:00,/en/matches/a1184faf/Australia-Indonesia-March-20-2025-WCQ----AFC-M
,2026,,2025-03-20 None-Korea DPR,2025-03-20,Third round,Thu,Home,W,5,1,Korea DPR,1,0,0,10,19,2,8,12,11,,,0,21:15:00,/en/matches/f2202c5e/Qatar-Korea-DPR-March-20-2025-WCQ----AFC-M
,2026,,2025-03-20 None-Kuwait,2025-03-20,Third round,Thu,Home,D,2,2,Kuwait,2,0,0,9,9,0,42,5,10,,,0,21:15:00,/en/matches/733f0c12/Iraq-Kuwait-March-20-2025-WCQ----AFC-M
,2026,,2025-03-20 None-Kyrgyz Republic,2025-03-20,Third round,Thu,Home,W,1,0,Kyrgyz Republic,4,0,0,13,7,3,34,7,4,,,0,21:00:00,/en/matches/62bc4d7f/Uzbekistan-Kyrgyz-Republic-March-20-2025-WCQ----AFC-M
,2026,,2025-03-20 None-Mauritius,2025-03-20,First round,Thu,Home,W,1,0,Mauritius,2,0,0,,,,,,,,,0,15:00:00,/en/matches/3e6878f4/Cabo-Verde-Mauritius-March-20-2025-WCQ----CAF-M
,2026,,2025-03-20 None-Oman,2025-03-20,Third round,Thu,Home,D,1,1,Oman,0,0,0,9,9,0,18,4,11,,,0,20:00:00,/en/matches/d4f2ffe2/Korea-Republic-Oman-March-20-2025-WCQ----AFC-M
,2026,,2025-03-20 None-Palestine,2025-03-20,Third round,Thu,Home,W,3,1,Palestine,1,0,0,14,13,3,13,10,10,,,0,21:15:00,/en/matches/a0d0b336/Jordan-Palestine-March-20-2025-WCQ----AFC-M
,2026,,2025-03-20 None-UAE,2025-03-20,Third round,Thu,Home,W,2,0,UAE,1,0,0,12,7,6,12,9,13,,,0,19:30:00,/en/matches/32d96c81/IR-Iran-United-Arab-Emirates-March-20-2025-WCQ----AFC-M
,2026,,2025-03-21 Botswana-None,2025-03-21,First round,Fri,Away,W,3,1,Botswana,1,0,0,,,,,,,,,0,15:00:00,/en/matches/b7369d7d/Botswana-Algeria-March-21-2025-WCQ----CAF-M
,2026,,2025-03-21 Burundi-Burundi,2025-03-21,First round,Fri,Neutral,W,1,0,Burundi,2,0,0,,,,,,,,,0,19:00:00,/en/matches/46e89285/Burundi-Cote-dIvoire-March-21-2025-WCQ----CAF-M
,2026,,2025-03-21 Ethiopia-Ethiopia,2025-03-21,First round,Fri,Neutral,W,2,0,Ethiopia,0,0,0,,,,,,,,,0,21:00:00,/en/matches/d5dea417/Ethiopia-Egypt-March-21-2025-WCQ----CAF-M
,2026,,2025-03-21 Fiji-Fiji,2025-03-21,Third round — Semi-finals,Fri,Neutral,W,7,0,Fiji,0,0,0,,,,,,,,,0,19:10:00,/en/matches/6da04fe5/New-Zealand-Fiji-March-21-2025-WCQ----OFC-M
,2026,,2025-03-21 Niger-Niger,2025-03-21,First round,Fri,Neutral,W,2,1,Niger,2,0,0,,,,,,,,,0,21:30:00,/en/matches/f9eab233/Niger-Morocco-March-21-2025-WCQ----CAF-M
,2026,,2025-03-21 None-Albania,2025-03-21,First round,Fri,Home,W,2,0,Albania,0,0,0,9,7,2,14,2,10,,,0,19:45:00,/en/matches/9d4a21a1/England-Albania-March-21-2025-WCQ----UEFA-M
,2026,,2025-03-21 None-Argentina,2025-03-21,World Cup qualification,Fri,Home,L,0,1,Argentina,2,0,0,11,11,0,19,11,11,,,0,20:30:00,/en/matches/d640293b/Uruguay-Argentina-March-21-2025-WCQ----CONMEBOL-M
,2026,,2025-03-21 None-Chad,2025-03-21,First round,Fri,Home,W,5,0,Chad,0,0,0,,,,,,,,,0,19:00:00,/en/matches/5a1bac6e/Ghana-Chad-March-21-2025-WCQ----CAF-M
,2026,,2025-03-21 None-Lesotho,2025-03-21,First round,Fri,Home,L,0,3,Lesotho,1,0,0,,,,,,,,,0,18:00:00,/en/matches/694674ab/South-Africa-Lesotho-March-21-2025-WCQ----CAF-M
,2026,,2025-03-21 None-South Sudan,2025-03-21,First round,Fri,Home,W,1,0,South Sudan,1,0,0,,,,,,,,,0,17:00:00,/en/matches/5706042a/Congo-DR-South-Sudan-March-21-2025-WCQ----CAF-M
,2026,,2025-03-21 None-Venezuela,2025-03-21,World Cup qualification,Fri,Home,W,2,1,Venezuela,1,0,0,13,13,2,10,10,5,,,0,16:00:00,/en/matches/cfd35a04/Ecuador-Venezuela-March-21-2025-WCQ----CONMEBOL-M
,2026,,2025-03-21 Romania-None,2025-03-21,First round,Fri,Away,W,1,0,Romania,3,0,0,25,13,3,7,9,12,,,0,21:45:00,/en/matches/2946963a/Romania-Bosnia-and-Herzegovina-March-21-2025-WCQ----UEFA-M
,2026,,2025-03-21 Uruguay-None,2025-03-21,World Cup qualification,Fri,Away,W,1,0,Uruguay,1,1,0,11,11,0,7,15,6,,,0,20:30:00,/en/matches/d640293b/Uruguay-Argentina-March-21-2025-WCQ----CONMEBOL-M
,2026,,2025-03-22 Moldova-None,2025-03-22,First round,Sat,Away,W,5,0,Moldova,1,0,0,9,10,0,26,2,4,,,0,19:00:00,/en/matches/4dc6294d/Moldova-Norway-March-22-2025-WCQ----UEFA-M
,2026,,2025-03-22 None-Faroe Islands,2025-03-22,First round,Sat,Home,W,2,1,Faroe Islands,1,0,0,12,8,3,31,11,2,,,0,20:45:00,/en/matches/c32c2c7c/Czechia-Faroe-Islands-March-22-2025-WCQ----UEFA-M
,2026,,2025-03-22 Sudan-Sudan,2025-03-22,First round,Sat,Neutral,D,0,0,Sudan,1,0,0,,,,,,,,,0,21:00:00,/en/matches/e3be527f/Sudan-Senegal-March-22-2025-WCQ----CAF-M
,2026,,2025-03-24 Madagascar-Madagascar,2025-03-24,First round,Mon,Neutral,W,3,0,Madagascar,1,0,0,,,,,,,,,0,19:00:00,/en/matches/c3ff60b5/Madagascar-Ghana-March-24-2025-WCQ----CAF-M
,2026,,2025-03-24 New Caledonia-New Caledonia,2025-03-24,Third round — Final,Mon,Neutral,W,3,0,New Caledonia,0,0,0,,,,,,,,,0,19:00:00,/en/matches/55a995af/New-Caledonia-New-Zealand-March-24-2025-WCQ----OFC-M
,2026,,2025-03-24 None-Cyprus,2025-03-24,First round,Mon,Home,W,2,1,Cyprus,2,0,0,14,15,2,19,8,12,,,0,20:45:00,/en/matches/8c25cff9/Bosnia-and-Herzegovina-Cyprus-March-24-2025-WCQ----UEFA-M
,2026,,2025-03-24 None-Gambia,2025-03-24,First round,Mon,Home,W,1,0,Gambia,1,0,0,,,,,,,,,0,19:00:00,/en/matches/29e52aa3/Cote-dIvoire-Gambia-March-24-2025-WCQ----CAF-M
,2026,,2025-03-24 None-Latvia,2025-03-24,First round,Mon,Home,W,3,0,Latvia,1,0,0,11,13,0,36,9,6,,,0,19:45:00,/en/matches/e2b397bc/England-Latvia-March-24-2025-WCQ----UEFA-M
,2026,,2025-03-24 None-Malawi,2025-03-24,First round,Mon,Home,W,2,0,Malawi,2,0,0,,,,,,,,,0,22:00:00,/en/matches/f2133803/Tunisia-Malawi-March-24-2025-WCQ----CAF-M
,2026,,2025-03-25 Angola-None,2025-03-25,First round,Tue,Away,W,2,1,Angola,1,0,0,,,,,,,,,0,17:00:00,/en/matches/f2b90db3/Angola-Cabo-Verde-March-25-2025-WCQ----CAF-M
,2026,,2025-03-25 Argentina-None,2025-03-25,World Cup qualification,Tue,Away,L,1,4,Argentina,5,0,0,19,12,0,4,5,11,,,0,21:00:00,/en/matches/f797e10f/Argentina-Brazil-March-25-2025-WCQ----CONMEBOL-M
,2026,,2025-03-25 Benin-Benin,2025-03-25,First round,Tue,Neutral,W,2,0,Benin,0,0,0,,,,,,,,,0,16:00:00,/en/matches/50708f6f/Benin-South-Africa-March-25-2025-WCQ----CAF-M
,2026,,2025-03-25 Bolivia-None,2025-03-25,World Cup qualification,Tue,Away,D,0,0,Bolivia,2,0,0,5,10,0,11,12,12,,,0,16:00:00,/en/matches/bed222ed/Bolivia-Uruguay-March-25-2025-WCQ----CONMEBOL-M
,2026,,2025-03-25 Chile-None,2025-03-25,World Cup qualification,Tue,Away,D,0,0,Chile,2,0,0,15,14,3,12,3,11,,,0,21:00:00,/en/matches/7d5bc986/Chile-Ecuador-March-25-2025-WCQ----CONMEBOL-M
,2026,,2025-03-25 China PR-None,2025-03-25,Third round,Tue,Away,W,2,0,China PR,0,0,0,3,10,0,15,6,4,,,0,19:00:00,/en/matches/9b41ea05/China-PR-Australia-March-25-2025-WCQ----AFC-M
,2026,,2025-03-25 Colombia-None,2025-03-25,World Cup qualification,Tue,Away,D,2,2,Colombia,4,0,0,13,13,3,16,10,9,,,0,19:00:00,/en/matches/bb3b96c6/Colombia-Paraguay-March-25-2025-WCQ----CONMEBOL-M
,2026,,2025-03-25 Gibraltar-None,2025-03-25,First round,Tue,Away,W,4,0,Gibraltar,1,0,0,10,10,3,41,10,9,,,0,20:45:00,/en/matches/25665b0c/Gibraltar-Czechia-March-25-2025-WCQ----UEFA-M
,2026,,2025-03-25 IR Iran-None,2025-03-25,Third round,Tue,Away,D,2,2,IR Iran,0,0,0,11,12,1,17,4,10,,,0,19:30:00,/en/matches/4421e0fc/IR-Iran-Uzbekistan-March-25-2025-WCQ----AFC-M
,2026,,2025-03-25 Israel-None,2025-03-25,First round,Tue,Away,W,4,2,Israel,2,0,0,9,7,1,20,6,8,,,0,21:45:00,/en/matches/6a16d955/Israel-Norway-March-25-2025-WCQ----UEFA-M
,2026,,2025-03-25 Japan-None,2025-03-25,Third round,Tue,Away,D,0,0,Japan,0,0,0,3,8,0,1,10,18,,,0,19:35:00,/en/matches/30695e3b/Japan-Saudi-Arabia-March-25-2025-WCQ----AFC-M
,2026,,2025-03-25 Korea Republic-None,2025-03-25,Third round,Tue,Away,D,1,1,Korea Republic,2,0,0,9,12,0,9,7,8,,,0,20:00:00,/en/matches/cbfbb5e5/Korea-Republic-Jordan-March-25-2025-WCQ----AFC-M
,2026,,2025-03-25 Kyrgyz Republic-None,2025-03-25,Third round,Tue,Away,L,1,3,Kyrgyz Republic,1,1,0,7,12,0,13,3,10,,,0,19:45:00,/en/matches/d8389213/Kyrgyz-Republic-Qatar-March-25-2025-WCQ----AFC-M
,2026,,2025-03-25 Mauritania-None,2025-03-25,First round,Tue,Away,W,2,0,Mauritania,0,0,0,,,,,,,,,0,21:00:00,/en/matches/030bc69e/Mauritania-Congo-DR-March-25-2025-WCQ----CAF-M
,2026,,2025-03-25 None-Brazil,2025-03-25,World Cup qualification,Tue,Home,W,4,1,Brazil,5,0,0,12,19,0,12,5,12,,,0,21:00:00,/en/matches/f797e10f/Argentina-Brazil-March-25-2025-WCQ----CONMEBOL-M
,2026,,2025-03-25 None-Jordan,2025-03-25,Third round,Tue,Home,D,1,1,Jordan,0,0,0,12,9,2,24,11,17,,,0,20:00:00,/en/matches/cbfbb5e5/Korea-Republic-Jordan-March-25-2025-WCQ----AFC-M
,2026,,2025-03-25 None-Mozambique,2025-03-25,First round,Tue,Home,W,5,1,Mozambique,1,0,0,,,,,,,,,0,22:00:00,/en/matches/7899da69/Algeria-Mozambique-March-25-2025-WCQ----CAF-M
,2026,,2025-03-25 None-Paraguay,2025-03-25,World Cup qualification,Tue,Home,D,2,2,Paraguay,2,0,0,13,13,0,14,4,6,,,0,19:00:00,/en/matches/bb3b96c6/Colombia-Paraguay-March-25-2025-WCQ----CONMEBOL-M
,2026,,2025-03-25 None-Saudi Arabia,2025-03-25,Third round,Tue,Home,D,0,0,Saudi Arabia,0,0,0,10,3,3,26,6,5,,,0,19:35:00,/en/matches/30695e3b/Japan-Saudi-Arabia-March-25-2025-WCQ----AFC-M
,2026,,2025-03-25 None-Sierra Leone,2025-03-25,First round,Tue,Home,W,1,0,Sierra Leone,1,0,0,,,,,,,,,0,21:00:00,/en/matches/983b68f5/Egypt-Sierra-Leone-March-25-2025-WCQ----CAF-M
,2026,,2025-03-25 None-Tanzania,2025-03-25,First round,Tue,Home,W,2,0,Tanzania,0,0,0,,,,,,,,,0,21:30:00,/en/matches/91ff2db6/Morocco-Tanzania-March-25-2025-WCQ----CAF-M
,2026,,2025-03-25 None-Togo,2025-03-25,First round,Tue,Home,W,2,0,Togo,0,0,0,,,,,,,,,0,21:00:00,/en/matches/22940553/Senegal-Togo-March-25-2025-WCQ----CAF-M
,2026,,2025-03-25 None-Uzbekistan,2025-03-25,Third round,Tue,Home,D,2,2,Uzbekistan,0,0,0,13,9,1,21,8,11,,,0,19:30:00,/en/matches/4421e0fc/IR-Iran-Uzbekistan-March-25-2025-WCQ----AFC-M
,2026,,2025-03-25 Palestine-None,2025-03-25,Third round,Tue,Away,L,1,2,Palestine,3,0,0,13,5,0,19,9,10,,,0,21:15:00,/en/matches/1bbf9b0d/Palestine-Iraq-March-25-2025-WCQ----AFC-M
,2026,,2025-06-05 Australia-None,2025-06-05,Third round,Thu,Away,L,0,1,Australia,0,0,0,13,8,1,25,7,10,,,0,21:10:00,/en/matches/ae130257/Australia-Japan-June-5-2025-WCQ----AFC-M
,2026,,2025-06-05 Bahrain-None,2025-06-05,Third round,Thu,Away,W,2,0,Bahrain,2,0,0,10,3,5,6,7,11,,,0,19:00:00,/en/matches/f4e3cd49/Bahrain-Saudi-Arabia-June-5-2025-WCQ----AFC-M
,2026,,2025-06-05 Chile-None,2025-06-05,World Cup qualification,Thu,Away,W,1,0,Chile,2,0,0,9,8,2,5,13,12,,,0,21:00:00,/en/matches/bc9dbf8c/Chile-Argentina-June-5-2025-WCQ----CONMEBOL-M
,2026,,2025-06-05 Ecuador-None,2025-06-05,World Cup qualification,Thu,Away,D,0,0,Ecuador,0,0,0,9,13,0,7,5,17,,,0,18:00:00,/en/matches/0b1890f7/Ecuador-Brazil-June-5-2025-WCQ----CONMEBOL-M
,2026,,2025-06-05 Iraq-None,2025-06-05,Third round,Thu,Away,W,2,0,Iraq,4,0,0,12,8,2,20,9,6,,,0,21:15:00,/en/matches/8a15f138/Iraq-Korea-Republic-June-5-2025-WCQ----AFC-M
,2026,,2025-06-05 None-Brazil,2025-06-05,World Cup qualification,Thu,Home,D,0,0,Brazil,0,0,0,14,8,2,16,10,9,,,0,18:00:00,/en/matches/0b1890f7/Ecuador-Brazil-June-5-2025-WCQ----CONMEBOL-M
,2026,,2025-06-05 None-IR Iran,2025-06-05,Third round,Thu,Home,W,1,0,IR Iran,3,0,0,15,18,4,12,5,8,,,0,21:15:00,/en/matches/f6da2deb/Qatar-IR-Iran-June-5-2025-WCQ----AFC-M
,2026,,2025-06-05 None-Japan,2025-06-05,Third round,Thu,Home,W,1,0,Japan,0,0,0,8,13,0,3,10,13,,,0,21:10:00,/en/matches/ae130257/Australia-Japan-June-5-2025-WCQ----AFC-M
,2026,,2025-06-05 None-Korea Republic,2025-06-05,Third round,Thu,Home,L,0,2,Korea Republic,1,1,0,8,11,3,4,11,11,,,0,21:15:00,/en/matches/8a15f138/Iraq-Korea-Republic-June-5-2025-WCQ----AFC-M
,2026,,2025-06-05 None-Uruguay,2025-06-05,World Cup qualification,Thu,Home,W,2,0,Uruguay,2,0,0,18,10,2,12,9,11,,,0,19:00:00,/en/matches/cf0d5a07/Paraguay-Uruguay-June-5-2025-WCQ----CONMEBOL-M
,2026,,2025-06-05 Oman-None,2025-06-05,Third round,Thu,Away,W,3,0,Oman,1,0,0,13,10,1,9,3,12,,,0,20:00:00,/en/matches/1c28d9c5/Oman-Jordan-June-5-2025-WCQ----AFC-M
,2026,,2025-06-05 Paraguay-None,2025-06-05,World Cup qualification,Thu,Away,L,0,2,Paraguay,0,0,0,10,17,0,22,6,10,,,0,19:00:00,/en/matches/cf0d5a07/Paraguay-Uruguay-June-5-2025-WCQ----CONMEBOL-M
,2026,,2025-06-05 Qatar-None,2025-06-05,Third round,Thu,Away,L,0,1,Qatar,4,1,1,19,15,0,7,7,11,,,0,21:15:00,/en/matches/f6da2deb/Qatar-IR-Iran-June-5-2025-WCQ----AFC-M
,2026,,2025-06-05 UAE-None,2025-06-05,Third round,Thu,Away,D,0,0,UAE,1,0,0,13,11,0,12,11,9,,,0,20:00:00,/en/matches/be27166e/United-Arab-Emirates-Uzbekistan-June-5-2025-WCQ----AFC-M
,2026,,2025-06-06 Gibraltar-None,2025-06-06,First round,Fri,Away,W,7,0,Gibraltar,1,0,0,10,9,6,33,8,13,,,0,19:45:00,/en/matches/fcdb7b4b/Gibraltar-Croatia-June-6-2025-WCQ----UEFA-M
,2026,,2025-06-06 No. Macedonia-None,2025-06-06,First round,Fri,Away,D,1,1,No. Macedonia,1,0,0,11,13,1,19,8,8,,,0,20:45:00,/en/matches/696d2eb9/North-Macedonia-Belgium-June-6-2025-WCQ----UEFA-M
,2026,,2025-06-06 None-Italy,2025-06-06,First round,Fri,Home,W,3,0,Italy,2,0,0,11,10,0,11,5,7,,,0,20:45:00,/en/matches/ce5226f5/Norway-Italy-June-6-2025-WCQ----UEFA-M
,2026,,2025-06-06 None-Montenegro,2025-06-06,First round,Fri,Home,W,2,0,Montenegro,1,0,0,23,10,4,28,11,7,,,0,20:45:00,/en/matches/f046950e/Czechia-Montenegro-June-6-2025-WCQ----UEFA-M
,2026,,2025-06-06 None-Peru,2025-06-06,World Cup qualification,Fri,Home,D,0,0,Peru,1,0,0,10,5,4,30,10,7,,,0,15:30:00,/en/matches/72e0f65c/Colombia-Peru-June-6-2025-WCQ----CONMEBOL-M
,2026,,2025-06-06 None-St. Lucia,2025-06-06,Second round,Fri,Home,W,4,0,St. Lucia,1,0,0,,,,,,,,,0,19:30:00,/en/matches/2e55727d/Curacao-St-Lucia-June-6-2025-WCQ----CONCACAF-M
,2026,,2025-06-07 Andorra-None,2025-06-07,First round,Sat,Away,W,1,0,Andorra,0,0,0,8,12,2,27,4,8,,,0,18:00:00,/en/matches/e7d39bec/Andorra-England-June-7-2025-WCQ----UEFA-M
,2026,,2025-06-07 Aruba-None,2025-06-07,Second round,Sat,Away,W,5,0,Aruba,0,0,0,,,,,,,,,0,17:00:00,/en/matches/1c4064b5/Aruba-Haiti-June-7-2025-WCQ----CONCACAF-M
,2026,,2025-06-07 Belize-None,2025-06-07,Second round,Sat,Away,W,2,0,Belize,3,0,0,,,,,,,,,0,19:00:00,/en/matches/aa913422/Belize-Panama-June-7-2025-WCQ----CONCACAF-M
,2026,,2025-06-07 Finland-None,2025-06-07,First round,Sat,Away,W,2,0,Finland,2,0,0,9,9,2,16,8,6,,,0,21:45:00,/en/matches/be89656e/Finland-Netherlands-June-7-2025-WCQ----UEFA-M
,2026,,2025-06-07 None-Romania,2025-06-07,First round,Sat,Home,W,2,1,Romania,1,0,0,11,10,1,22,8,20,,,0,20:45:00,/en/matches/427a7354/Austria-Romania-June-7-2025-WCQ----UEFA-M
,2026,,2025-06-07 None-San Marino,2025-06-07,First round,Sat,Home,W,1,0,San Marino,1,0,0,21,11,0,21,9,7,,,0,15:00:00,/en/matches/0544aaf7/Bosnia-and-Herzegovina-San-Marino-June-7-2025-WCQ----UEFA-M
,2026,,2025-06-09 Croatia-None,2025-06-09,First round,Mon,Away,L,1,5,Croatia,2,0,0,11,3,1,16,5,6,,,0,20:45:00,/en/matches/45d707dc/Croatia-Czechia-June-9-2025-WCQ----UEFA-M
,2026,,2025-06-09 Estonia-None,2025-06-09,First round,Mon,Away,W,1,0,Estonia,1,0,0,9,7,0,20,10,8,,,0,21:45:00,/en/matches/da5ed6b0/Estonia-Norway-June-9-2025-WCQ----UEFA-M
,2026,,2025-06-09 None-Czechia,2025-06-09,First round,Mon,Home,W,5,1,Czechia,0,0,0,3,9,3,17,14,2,,,0,20:45:00,/en/matches/45d707dc/Croatia-Czechia-June-9-2025-WCQ----UEFA-M
,2026,,2025-06-09 None-Wales,2025-06-09,First round,Mon,Home,W,4,3,Wales,3,0,0,13,8,1,11,3,0,,,0,20:45:00,/en/matches/7c95d65c/Belgium-Wales-June-9-2025-WCQ----UEFA-M
,2026,,2025-06-10 Argentina-None,2025-06-10,World Cup qualification,Tue,Away,D,1,1,Argentina,3,0,0,12,16,1,10,6,8,,,0,21:00:00,/en/matches/25a7c42b/Argentina-Colombia-June-10-2025-WCQ----CONMEBOL-M
,2026,,2025-06-10 Brazil-None,2025-06-10,World Cup qualification,Tue,Away,L,0,1,Brazil,1,0,0,16,9,0,9,3,16,,,0,21:45:00,/en/matches/86bf566e/Brazil-Paraguay-June-10-2025-WCQ----CONMEBOL-M
,2026,,2025-06-10 Jordan-None,2025-06-10,Third round,Tue,Away,W,1,0,Jordan,1,0,0,10,12,0,14,4,15,,,0,21:15:00,/en/matches/316731a5/Jordan-Iraq-June-10-2025-WCQ----AFC-M
,2026,,2025-06-10 None-Australia,2025-06-10,Third round,Tue,Home,L,1,2,Australia,1,0,0,13,10,3,19,6,13,,,0,21:15:00,/en/matches/f2a554e6/Saudi-Arabia-Australia-June-10-2025-WCQ----AFC-M
,2026,,2025-06-10 None-Colombia,2025-06-10,World Cup qualification,Tue,Home,D,1,1,Colombia,2,1,0,16,12,4,16,13,15,,,0,21:00:00,/en/matches/25a7c42b/Argentina-Colombia-June-10-2025-WCQ----CONMEBOL-M
,2026,,2025-06-10 None-Indonesia,2025-06-10,Third round,Tue,Home,W,6,0,Indonesia,0,0,0,6,6,0,20,3,15,,,0,19:35:00,/en/matches/f448bf08/Japan-Indonesia-June-10-2025-WCQ----AFC-M
,2026,,2025-06-10 None-Iraq,2025-06-10,Third round,Tue,Home,L,0,1,Iraq,2,0,0,13,9,1,21,6,11,,,0,21:15:00,/en/matches/316731a5/Jordan-Iraq-June-10-2025-WCQ----AFC-M
,2026,,2025-06-10 None-Korea DPR,2025-06-10,Third round,Tue,Home,W,3,0,Korea DPR,1,0,0,8,14,1,25,6,11,,,0,19:30:00,/en/matches/b4e33a41/IR-Iran-Korea-DPR-June-10-2025-WCQ----AFC-M
,2026,,2025-06-10 None-Kuwait,2025-06-10,Third round,Tue,Home,W,4,0,Kuwait,1,0,0,12,5,1,36,7,15,,,0,20:00:00,/en/matches/898e1bb9/Korea-Republic-Kuwait-June-10-2025-WCQ----AFC-M
,2026,,2025-06-10 None-Malta,2025-06-10,First round,Tue,Home,W,8,0,Malta,1,0,0,12,14,3,25,15,9,,,0,20:45:00,/en/matches/5e00c2e8/Netherlands-Malta-June-10-2025-WCQ----UEFA-M
,2026,,2025-06-10 None-Nicaragua,2025-06-10,Second round,Tue,Home,W,3,0,Nicaragua,1,0,0,,,,,,,,,0,19:00:00,/en/matches/5b3d5856/Panama-Nicaragua-June-10-2025-WCQ----CONCACAF-M
,2026,,2025-06-10 None-Paraguay,2025-06-10,World Cup qualification,Tue,Home,W,1,0,Paraguay,2,0,0,11,15,0,25,6,10,,,0,21:45:00,/en/matches/86bf566e/Brazil-Paraguay-June-10-2025-WCQ----CONMEBOL-M
,2026,,2025-06-10 None-Qatar,2025-06-10,Third round,Tue,Home,W,3,0,Qatar,2,0,0,11,11,3,17,8,10,,,0,18:45:00,/en/matches/7e8f73eb/Uzbekistan-Qatar-June-10-2025-WCQ----AFC-M
,2026,,2025-06-10 None-Venezuela,2025-06-10,World Cup qualification,Tue,Home,W,2,0,Venezuela,2,0,0,15,10,0,31,8,13,,,0,20:00:00,/en/matches/a4cbcbc8/Uruguay-Venezuela-June-10-2025-WCQ----CONMEBOL-M
,2026,,2025-06-10 Peru-None,2025-06-10,World Cup qualification,Tue,Away,D,0,0,Peru,2,1,1,13,11,3,7,5,9,,,0,20:30:00,/en/matches/bb493069/Peru-Ecuador-June-10-2025-WCQ----CONMEBOL-M
,2026,,2025-06-10 San Marino-None,2025-06-10,First round,Tue,Away,W,4,0,San Marino,2,0,0,15,14,3,22,5,16,,,0,20:45:00,/en/matches/d17f0ad5/San-Marino-Austria-June-10-2025-WCQ----UEFA-M
,2026,,2025-06-10 Saudi Arabia-None,2025-06-10,Third round,Tue,Away,W,2,1,Saudi Arabia,1,0,0,10,12,1,5,8,5,,,0,21:15:00,/en/matches/f2a554e6/Saudi-Arabia-Australia-June-10-2025-WCQ----AFC-M
,2026,,2025-06-10 Uzbekistan-None,2025-06-10,Third round,Tue,Away,L,0,3,Uzbekistan,5,0,0,12,11,1,3,8,11,,,0,18:45:00,/en/matches/7e8f73eb/Uzbekistan-Qatar-June-10-2025-WCQ----AFC-M
,2026,,2025-06-11 Haiti-None,2025-06-11,Second round,Wed,Away,W,5,1,Haiti,1,0,0,,,,,,,,,0,00:00:00,/en/matches/b366ffb8/Haiti-Curacao-June-11-2025-WCQ----CONCACAF-M
,2026,,2025-06-11 None-Curaçao,2025-06-11,Second round,Wed,Home,L,1,5,Curaçao,0,0,0,,,,,,,,,0,00:00:00,/en/matches/b366ffb8/Haiti-Curacao-June-11-2025-WCQ----CONCACAF-M
,2026,,2025-09-04 Bulgaria-None,2025-09-04,First round,Thu,Away,W,3,0,Bulgaria,1,0,0,17,5,1,15,3,2,,,0,21:45:00,/en/matches/73a00b64/Bulgaria-Spain-September-4-2025-WCQ----UEFA-M
,2026,,2025-09-04 Chad-None,2025-09-04,First round,Thu,Away,D,1,1,Chad,1,0,0,,,,,,,,,0,14:00:00,/en/matches/667fa8d9/Chad-Ghana-September-4-2025-WCQ----CAF-M
,2026,,2025-09-04 Georgia-None,2025-09-04,First round,Thu,Away,W,3,2,Georgia,3,1,0,14,13,0,5,4,15,,,0,20:00:00,/en/matches/3e3b75d7/Georgia-Turkiye-September-4-2025-WCQ----UEFA-M
,2026,,2025-09-04 Liechtenstein-None,2025-09-04,First round,Thu,Away,W,6,0,Liechtenstein,0,0,0,12,10,3,33,3,7,,,0,20:45:00,/en/matches/c415a6bc/Liechtenstein-Belgium-September-4-2025-WCQ----UEFA-M
,2026,,2025-09-04 Mauritius-None,2025-09-04,First round,Thu,Away,W,2,0,Mauritius,0,0,0,,,,,,,,,0,20:00:00,/en/matches/1bcc36b9/Mauritius-Cabo-Verde-September-4-2025-WCQ----CAF-M
,2026,,2025-09-04 None-Bolivia,2025-09-04,World Cup qualification,Thu,Home,W,3,0,Bolivia,1,0,0,10,7,1,20,7,12,,,0,18:30:00,/en/matches/246e206c/Colombia-Bolivia-September-4-2025-WCQ----CONMEBOL-M
,2026,,2025-09-04 None-Botswana,2025-09-04,First round,Thu,Home,W,3,1,Botswana,4,0,0,,,,,,,,,0,20:00:00,/en/matches/fc2af5d6/Algeria-Botswana-September-4-2025-WCQ----CAF-M
,2026,,2025-09-04 None-Chile,2025-09-04,World Cup qualification,Thu,Home,W,3,0,Chile,1,0,0,14,11,2,17,11,10,,,0,21:30:00,/en/matches/93c8f0a9/Brazil-Chile-September-4-2025-WCQ----CONMEBOL-M
,2026,,2025-09-04 None-Ecuador,2025-09-04,World Cup qualification,Thu,Home,D,0,0,Ecuador,3,0,0,15,8,1,18,10,15,,,0,19:30:00,/en/matches/8846f1b1/Paraguay-Ecuador-September-4-2025-WCQ----CONMEBOL-M
,2026,,2025-09-04 None-Liberia,2025-09-04,First round,Thu,Home,W,3,0,Liberia,1,0,0,,,,,,,,,0,20:00:00,/en/matches/263b65e8/Tunisia-Liberia-September-4-2025-WCQ----CAF-M
,2026,,2025-09-04 None-Peru,2025-09-04,World Cup qualification,Thu,Home,W,3,0,Peru,2,0,0,8,13,0,20,7,12,,,0,20:30:00,/en/matches/9692d63b/Uruguay-Peru-September-4-2025-WCQ----CONMEBOL-M
,2026,,2025-09-04 None-Poland,2025-09-04,First round,Thu,Home,D,1,1,Poland,0,0,0,11,11,5,20,4,10,,,0,20:45:00,/en/matches/d1692c71/Netherlands-Poland-September-4-2025-WCQ----UEFA-M
,2026,,2025-09-04 None-Venezuela,2025-09-04,World Cup qualification,Thu,Home,W,3,0,Venezuela,1,0,0,9,12,4,2,11,2,,,0,20:30:00,/en/matches/26ca7993/Argentina-Venezuela-September-4-2025-WCQ----CONMEBOL-M
,2026,,2025-09-04 Paraguay-None,2025-09-04,World Cup qualification,Thu,Away,D,0,0,Paraguay,1,0,0,8,14,2,7,7,8,,,0,19:30:00,/en/matches/8846f1b1/Paraguay-Ecuador-September-4-2025-WCQ----CONMEBOL-M
,2026,,2025-09-04 Slovakia-None,2025-09-04,First round,Thu,Away,L,0,2,Slovakia,2,0,0,18,10,0,23,4,7,,,0,20:45:00,/en/matches/dfc66eea/Slovakia-Germany-September-4-2025-WCQ----UEFA-M
,2026,,2025-09-04 Suriname-None,2025-09-04,Third round,Thu,Away,D,0,0,Suriname,1,0,0,,,,,,,,,0,18:30:00,/en/matches/9fb8b400/Suriname-Panama-September-4-2025-WCQ----CONCACAF-M
,2026,,2025-09-05 Denmark-None,2025-09-05,First round,Fri,Away,D,0,0,Denmark,5,0,0,15,11,1,20,11,8,,,0,20:45:00,/en/matches/895c715d/Denmark-Scotland-September-5-2025-WCQ----UEFA-M
,2026,,2025-09-05 Faroe Islands-None,2025-09-05,First round,Fri,Away,W,1,0,Faroe Islands,1,0,0,8,12,2,45,4,4,,,0,19:45:00,/en/matches/7fe58272/Faroe-Islands-Croatia-September-5-2025-WCQ----UEFA-M
,2026,,2025-09-05 Lesotho-Lesotho,2025-09-05,First round,Fri,Neutral,W,3,0,Lesotho,1,0,0,,,,,,,,,0,18:00:00,/en/matches/ead18343/Lesotho-South-Africa-September-5-2025-WCQ----CAF-M
,2026,,2025-09-05 Montenegro-None,2025-09-05,First round,Fri,Away,W,2,0,Montenegro,1,0,0,16,11,2,23,6,6,,,0,20:45:00,/en/matches/41d36aff/Montenegro-Czechia-September-5-2025-WCQ----UEFA-M
,2026,,2025-09-05 None-Burundi,2025-09-05,First round,Fri,Home,W,1,0,Burundi,2,0,0,,,,,,,,,0,19:00:00,/en/matches/1f1eb405/Cote-dIvoire-Burundi-September-5-2025-WCQ----CAF-M
,2026,,2025-09-05 None-Ethiopia,2025-09-05,First round,Fri,Home,W,2,0,Ethiopia,2,0,0,,,,,,,,,0,22:00:00,/en/matches/772ffbef/Egypt-Ethiopia-September-5-2025-WCQ----CAF-M
,2026,,2025-09-05 None-Honduras,2025-09-05,Third round,Fri,Home,D,0,0,Honduras,0,0,0,,,,,,,,,0,20:00:00,/en/matches/72a90910/Haiti-Honduras-September-5-2025-WCQ----CONCACAF-M
,2026,,2025-09-05 None-Kosovo,2025-09-05,First round,Fri,Home,W,4,0,Kosovo,2,0,0,11,10,2,10,6,9,,,0,20:45:00,/en/matches/2c8b38dc/Switzerland-Kosovo-September-5-2025-WCQ----UEFA-M
,2026,,2025-09-05 None-Niger,2025-09-05,First round,Fri,Home,W,5,0,Niger,0,0,0,,,,,,,,,0,20:00:00,/en/matches/0c2bf39f/Morocco-Niger-September-5-2025-WCQ----CAF-M
,2026,,2025-09-05 None-Sudan,2025-09-05,First round,Fri,Home,W,2,0,Sudan,1,0,0,,,,,,,,,0,19:00:00,/en/matches/f5bea881/Senegal-Sudan-September-5-2025-WCQ----CAF-M
,2026,,2025-09-05 Slovenia-None,2025-09-05,First round,Fri,Away,D,2,2,Slovenia,2,0,0,21,18,2,13,8,7,,,0,20:45:00,/en/matches/44895893/Slovenia-Sweden-September-5-2025-WCQ----UEFA-M
,2026,,2025-09-05 South Sudan-None,2025-09-05,First round,Fri,Away,W,4,1,South Sudan,0,0,0,,,,,,,,,0,15:00:00,/en/matches/1e6fdc06/South-Sudan-Congo-DR-September-5-2025-WCQ----CAF-M
,2026,,2025-09-05 Trin & Tobago-None,2025-09-05,Third round,Fri,Away,D,0,0,Trin & Tobago,1,0,0,,,,,,,,,0,20:00:00,/en/matches/ce4ff4e2/Trinidad-and-Tobago-Curacao-September-5-2025-WCQ----CONCACAF-M
,2026,,2025-09-05 Ukraine-None,2025-09-05,First round,Fri,Away,W,2,0,Ukraine,0,0,0,8,10,0,9,7,15,,,0,21:45:00,/en/matches/63a97adc/Ukraine-France-September-5-2025-WCQ----UEFA-M
,2026,,2025-09-06 Armenia-None,2025-09-06,First round,Sat,Away,W,5,0,Armenia,0,0,0,7,10,1,19,4,6,,,0,20:00:00,/en/matches/ad079647/Armenia-Portugal-September-6-2025-WCQ----UEFA-M
,2026,,2025-09-06 None-Andorra,2025-09-06,First round,Sat,Home,W,2,0,Andorra,1,0,0,10,7,5,19,2,8,,,0,17:00:00,/en/matches/533e2793/England-Andorra-September-6-2025-WCQ----UEFA-M
,2026,,2025-09-06 None-Cyprus,2025-09-06,First round,Sat,Home,W,1,0,Cyprus,1,0,0,14,6,4,28,5,8,,,0,20:45:00,/en/matches/b0ac3e36/Austria-Cyprus-September-6-2025-WCQ----UEFA-M
,2026,,2025-09-06 San Marino-None,2025-09-06,First round,Sat,Away,W,6,0,San Marino,2,0,0,20,16,3,22,6,7,,,0,20:45:00,/en/matches/0216f99c/San-Marino-Bosnia-and-Herzegovina-September-6-2025-WCQ----UEFA-M
,2026,,2025-09-07 Lithuania-None,2025-09-07,First round,Sun,Away,W,3,2,Lithuania,0,0,0,10,12,0,27,7,8,,,0,19:00:00,/en/matches/4cd13425/Lithuania-Netherlands-September-7-2025-WCQ----UEFA-M
,2026,,2025-09-07 None-Kazakhstan,2025-09-07,First round,Sun,Home,W,6,0,Kazakhstan,0,0,0,6,9,0,24,3,8,,,0,20:45:00,/en/matches/183c43c6/Belgium-Kazakhstan-September-7-2025-WCQ----UEFA-M
,2026,,2025-09-07 None-Northern Ireland,2025-09-07,First round,Sun,Home,W,3,1,Northern Ireland,1,0,0,9,12,2,15,6,7,,,0,20:45:00,/en/matches/e99bd5a5/Germany-Northern-Ireland-September-7-2025-WCQ----UEFA-M
,2026,,2025-09-07 None-Spain,2025-09-07,First round,Sun,Home,L,0,6,Spain,0,0,0,6,9,5,16,12,9,,,0,21:45:00,/en/matches/109a2359/Turkiye-Spain-September-7-2025-WCQ----UEFA-M
,2026,,2025-09-07 Türkiye-None,2025-09-07,First round,Sun,Away,W,6,0,Türkiye,0,0,0,9,6,3,7,7,9,,,0,21:45:00,/en/matches/109a2359/Turkiye-Spain-September-7-2025-WCQ----UEFA-M
,2026,,2025-09-08 Belarus-None,2025-09-08,First round,Mon,Away,W,2,0,Belarus,1,0,0,10,13,1,19,3,6,,,0,21:45:00,/en/matches/59d358ed/Belarus-Scotland-September-8-2025-WCQ----UEFA-M
,2026,,2025-09-08 Equ. Guinea-None,2025-09-08,First round,Mon,Away,W,1,0,Equ. Guinea,5,0,0,,,,,,,,,0,14:00:00,/en/matches/5449df03/Equatorial-Guinea-Tunisia-September-8-2025-WCQ----CAF-M
,2026,,2025-09-08 Guinea-Guinea,2025-09-08,First round,Mon,Neutral,D,0,0,Guinea,1,0,0,,,,,,,,,0,17:00:00,/en/matches/761fa027/Guinea-Algeria-September-8-2025-WCQ----CAF-M
,2026,,2025-09-08 Kosovo-None,2025-09-08,First round,Mon,Away,L,0,2,Kosovo,4,0,0,12,11,3,30,13,6,,,0,20:45:00,/en/matches/60a474e3/Kosovo-Sweden-September-8-2025-WCQ----UEFA-M
,2026,,2025-09-08 None-Guatemala,2025-09-08,Third round,Mon,Home,D,1,1,Guatemala,3,0,0,,,,,,,,,0,20:30:00,/en/matches/330d1825/Panama-Guatemala-September-8-2025-WCQ----CONCACAF-M
,2026,,2025-09-08 None-Mali,2025-09-08,First round,Mon,Home,W,1,0,Mali,2,0,0,,,,,,,,,0,19:00:00,/en/matches/4ba2532f/Ghana-Mali-September-8-2025-WCQ----CAF-M
,2026,,2025-09-08 None-Montenegro,2025-09-08,First round,Mon,Home,W,4,0,Montenegro,1,0,0,10,5,2,21,9,8,,,0,20:45:00,/en/matches/58bd9cd6/Croatia-Montenegro-September-8-2025-WCQ----UEFA-M
,2026,,2025-09-08 None-Slovenia,2025-09-08,First round,Mon,Home,W,3,0,Slovenia,0,0,0,10,15,2,12,6,6,,,0,20:45:00,/en/matches/710e879d/Switzerland-Slovenia-September-8-2025-WCQ----UEFA-M
,2026,,2025-09-08 Zambia-None,2025-09-08,First round,Mon,Away,W,2,0,Zambia,4,0,0,,,,,,,,,0,15:00:00,/en/matches/ab96ad43/Zambia-Morocco-September-8-2025-WCQ----CAF-M
,2026,,2025-09-09 Bolivia-None,2025-09-09,World Cup qualification,Tue,Away,L,0,1,Bolivia,2,0,0,9,18,0,14,11,6,,,0,19:30:00,/en/matches/5ef1e6a8/Bolivia-Brazil-September-9-2025-WCQ----CONMEBOL-M
,2026,,2025-09-09 Bosnia–Herz-None,2025-09-09,First round,Tue,Away,W,2,1,Bosnia–Herz,5,1,1,21,16,2,8,2,12,,,0,20:45:00,/en/matches/1dc1bc53/Bosnia-and-Herzegovina-Austria-September-9-2025-WCQ----UEFA-M
,2026,,2025-09-09 Burkina Faso-None,2025-09-09,First round,Tue,Away,D,0,0,Burkina Faso,1,0,0,,,,,,,,,0,16:00:00,/en/matches/132bb2fe/Burkina-Faso-Egypt-September-9-2025-WCQ----CAF-M
,2026,,2025-09-09 Chile-None,2025-09-09,World Cup qualification,Tue,Away,D,0,0,Chile,1,0,0,14,8,0,14,7,7,,,0,20:30:00,/en/matches/fdc625fd/Chile-Uruguay-September-9-2025-WCQ----CONMEBOL-M
,2026,,2025-09-09 Congo DR-None,2025-09-09,First round,Tue,Away,W,3,2,Congo DR,2,0,0,,,,,,,,,0,17:00:00,/en/matches/6debc46d/Congo-DR-Senegal-September-9-2025-WCQ----CAF-M
,2026,,2025-09-09 Costa Rica-None,2025-09-09,Third round,Tue,Away,D,3,3,Costa Rica,3,0,0,,,,,,,,,0,20:00:00,/en/matches/af722cf2/Costa-Rica-Haiti-September-9-2025-WCQ----CONCACAF-M
,2026,,2025-09-09 Ecuador-None,2025-09-09,World Cup qualification,Tue,Away,L,0,1,Ecuador,3,1,0,10,13,1,24,5,8,,,0,18:00:00,/en/matches/d5ac347f/Ecuador-Argentina-September-9-2025-WCQ----CONMEBOL-M
,2026,,2025-09-09 Gabon-None,2025-09-09,First round,Tue,Away,D,0,0,Gabon,2,0,0,,,,,,,,,0,20:00:00,/en/matches/58792dfb/Gabon-Cote-dIvoire-September-9-2025-WCQ----CAF-M
,2026,,2025-09-09 Hungary-None,2025-09-09,First round,Tue,Away,W,3,2,Hungary,2,0,0,9,5,4,29,8,1,,,0,20:45:00,/en/matches/15153c54/Hungary-Portugal-September-9-2025-WCQ----UEFA-M
,2026,,2025-09-09 None-Argentina,2025-09-09,World Cup qualification,Tue,Home,W,1,0,Argentina,4,1,1,13,9,2,6,12,9,,,0,18:00:00,/en/matches/d5ac347f/Ecuador-Argentina-September-9-2025-WCQ----CONMEBOL-M
,2026,,2025-09-09 None-Austria,2025-09-09,First round,Tue,Home,L,1,2,Austria,2,0,0,16,21,2,16,2,6,,,0,20:45:00,/en/matches/1dc1bc53/Bosnia-and-Herzegovina-Austria-September-9-2025-WCQ----UEFA-M
,2026,,2025-09-09 None-Bermuda,2025-09-09,Third round,Tue,Home,W,3,2,Bermuda,2,0,0,,,,,,,,,0,20:00:00,/en/matches/e123af40/Curacao-Bermuda-September-9-2025-WCQ----CONCACAF-M
,2026,,2025-09-09 None-Cameroon,2025-09-09,First round,Tue,Home,W,1,0,Cameroon,2,0,0,,,,,,,,,0,15:00:00,/en/matches/6079f9e7/Cabo-Verde-Cameroon-September-9-2025-WCQ----CAF-M
,2026,,2025-09-09 None-Iceland,2025-09-09,First round,Tue,Home,W,2,1,Iceland,3,1,0,12,13,3,16,4,8,,,0,20:45:00,/en/matches/fc192209/France-Iceland-September-9-2025-WCQ----UEFA-M
,2026,,2025-09-09 None-Moldova,2025-09-09,First round,Tue,Home,W,11,1,Moldova,0,0,0,6,9,0,18,8,15,,,1,20:45:00,/en/matches/9d91e2ca/Norway-Moldova-September-9-2025-WCQ----UEFA-M
,2026,,2025-09-09 None-Nigeria,2025-09-09,First round,Tue,Home,D,1,1,Nigeria,3,0,0,,,,,,,,,0,18:00:00,/en/matches/7e19d0f3/South-Africa-Nigeria-September-9-2025-WCQ----CAF-M
,2026,,2025-09-09 None-Senegal,2025-09-09,First round,Tue,Home,L,2,3,Senegal,0,0,0,,,,,,,,,0,17:00:00,/en/matches/6debc46d/Congo-DR-Senegal-September-9-2025-WCQ----CAF-M
,2026,,2025-09-09 Peru-None,2025-09-09,World Cup qualification,Tue,Away,W,1,0,Peru,1,0,0,12,6,2,15,9,15,,,0,18:30:00,/en/matches/90996bcb/Peru-Paraguay-September-9-2025-WCQ----CONMEBOL-M
,2026,,2025-09-09 Serbia-None,2025-09-09,First round,Tue,Away,W,5,0,Serbia,1,0,0,10,11,2,20,3,6,,,0,20:45:00,/en/matches/df596a54/Serbia-England-September-9-2025-WCQ----UEFA-M
,2026,,2025-09-09 Venezuela-None,2025-09-09,World Cup qualification,Tue,Away,W,6,3,Venezuela,0,0,0,16,14,0,9,7,7,,,0,19:30:00,/en/matches/0c0d07af/Venezuela-Colombia-September-9-2025-WCQ----CONMEBOL-M
,2026,,2025-10-08 CAR-CAR,2025-10-08,First round,Wed,Neutral,W,5,0,CAR,1,0,0,,,,,,,,,0,17:00:00,/en/matches/ec831d70/Central-African-Republic-Ghana-October-8-2025-WCQ----CAF-M
,2026,,2025-10-08 Djibouti-None,2025-10-08,First round,Wed,Away,W,3,0,Djibouti,2,0,0,,,,,,,,,0,17:00:00,/en/matches/ed2f093e/Djibouti-Egypt-October-8-2025-WCQ----CAF-M
,2026,,2025-10-08 Indonesia-None,2025-10-08,Fourth round,Wed,Away,W,3,2,Indonesia,3,1,1,9,16,1,14,5,17,,,0,20:15:00,/en/matches/15386747/Indonesia-Saudi-Arabia-October-8-2025-WCQ----AFC-M
,2026,,2025-10-08 Libya-None,2025-10-08,First round,Wed,Away,D,3,3,Libya,2,0,0,,,,,,,,,1,15:00:00,/en/matches/13429bc4/Libya-Cabo-Verde-October-8-2025-WCQ----CAF-M
,2026,,2025-10-08 Oman-None,2025-10-08,Fourth round,Wed,Away,D,0,0,Oman,2,0,0,9,14,1,27,12,15,,,0,18:00:00,/en/matches/dfe70ed3/Oman-Qatar-October-8-2025-WCQ----AFC-M
,2026,,2025-10-09 Cyprus-None,2025-10-09,First round,Thu,Away,D,2,2,Cyprus,4,0,0,19,15,1,12,7,5,,,0,21:45:00,/en/matches/3808941f/Cyprus-Bosnia-and-Herzegovina-October-9-2025-WCQ----UEFA-M
,2026,,2025-10-09 Czechia-None,2025-10-09,First round,Thu,Away,D,0,0,Czechia,2,0,0,8,15,0,20,11,8,,,0,20:45:00,/en/matches/b4221670/Czechia-Croatia-October-9-2025-WCQ----UEFA-M
,2026,,2025-10-09 Malta-None,2025-10-09,First round,Thu,Away,W,4,0,Malta,2,0,0,6,14,4,21,7,6,,,0,20:45:00,/en/matches/e91380d1/Malta-Netherlands-October-9-2025-WCQ----UEFA-M
,2026,,2025-10-09 Nicaragua-None,2025-10-09,Third round,Thu,Away,W,3,0,Nicaragua,2,0,0,,,,,,,,,0,18:00:00,/en/matches/cde1766c/Nicaragua-Haiti-October-9-2025-WCQ----CONCACAF-M
,2026,,2025-10-09 None-Croatia,2025-10-09,First round,Thu,Home,D,0,0,Croatia,0,0,0,17,8,4,15,10,18,,,0,20:45:00,/en/matches/b4221670/Czechia-Croatia-October-9-2025-WCQ----UEFA-M
,2026,,2025-10-09 None-Greece,2025-10-09,First round,Thu,Home,W,3,1,Greece,2,0,0,12,17,0,14,9,4,,,0,19:45:00,/en/matches/b5e45490/Scotland-Greece-October-9-2025-WCQ----UEFA-M
,2026,,2025-10-09 None-San Marino,2025-10-09,First round,Thu,Home,W,10,0,San Marino,1,0,0,14,9,3,28,3,6,,,0,20:45:00,/en/matches/28525593/Austria-San-Marino-October-9-2025-WCQ----UEFA-M
,2026,,2025-10-09 Somalia-Somalia,2025-10-09,First round,Thu,Neutral,W,3,0,Somalia,1,0,0,,,,,,,,,0,17:00:00,/en/matches/1c1fbeee/Somalia-Algeria-October-9-2025-WCQ----CAF-M
,2026,,2025-10-10 El Salvador-None,2025-10-10,Third round,Fri,Away,W,1,0,El Salvador,0,0,0,,,,,,,,,0,19:00:00,/en/matches/a932692e/El-Salvador-Panama-October-10-2025-WCQ----CONCACAF-M
,2026,,2025-10-10 None-Azerbaijan,2025-10-10,First round,Fri,Home,W,3,0,Azerbaijan,1,0,0,8,14,0,29,5,5,,,0,20:45:00,/en/matches/2c662ab8/France-Azerbaijan-October-10-2025-WCQ----UEFA-M
,2026,,2025-10-10 None-Jamaica,2025-10-10,Third round,Fri,Home,W,2,0,Jamaica,0,0,0,,,,,,,,,0,19:00:00,/en/matches/653c3c1a/Curacao-Jamaica-October-10-2025-WCQ----CONCACAF-M
,2026,,2025-10-10 None-Luxembourg,2025-10-10,First round,Fri,Home,W,4,0,Luxembourg,0,0,0,10,4,2,32,5,4,,,0,20:45:00,/en/matches/b111bcad/Germany-Luxembourg-October-10-2025-WCQ----UEFA-M
,2026,,2025-10-10 None-No. Macedonia,2025-10-10,First round,Fri,Home,D,0,0,No. Macedonia,3,0,0,15,8,2,40,3,12,,,0,20:45:00,/en/matches/af334e60/Belgium-North-Macedonia-October-10-2025-WCQ----UEFA-M
,2026,,2025-10-10 None-Switzerland,2025-10-10,First round,Fri,Home,L,0,2,Switzerland,1,0,0,13,10,1,11,17,9,,,0,20:45:00,/en/matches/4e5d901c/Sweden-Switzerland-October-10-2025-WCQ----UEFA-M
,2026,,2025-10-10 Seychelles-Seychelles,2025-10-10,First round,Fri,Neutral,W,7,0,Seychelles,0,0,0,,,,,,,,,0,17:00:00,/en/matches/d6eba9c0/Seychelles-Cote-dIvoire-October-10-2025-WCQ----CAF-M
,2026,,2025-10-10 South Sudan-None,2025-10-10,First round,Fri,Away,W,5,0,South Sudan,0,0,0,,,,,,,,,0,15:00:00,/en/matches/2d8ea0e6/South-Sudan-Senegal-October-10-2025-WCQ----CAF-M
,2026,,2025-10-10 Sweden-None,2025-10-10,First round,Fri,Away,W,2,0,Sweden,1,0,0,10,13,1,21,11,14,,,0,20:45:00,/en/matches/4e5d901c/Sweden-Switzerland-October-10-2025-WCQ----UEFA-M
,2026,,2025-10-10 São Tomé-São Tomé,2025-10-10,First round,Fri,Neutral,W,6,0,São Tomé,1,0,0,,,,,,,,,0,17:00:00,/en/matches/ee22a21f/Sao-Tome-and-Principe-Tunisia-October-10-2025-WCQ----CAF-M
,2026,,2025-10-10 Togo-None,2025-10-10,First round,Fri,Away,W,1,0,Togo,2,0,0,,,,,,,,,0,13:00:00,/en/matches/ef536e03/Togo-Congo-DR-October-10-2025-WCQ----CAF-M
,2026,,2025-10-10 Zimbabwe-Zimbabwe,2025-10-10,First round,Fri,Neutral,D,0,0,Zimbabwe,3,1,1,,,,,,,,,0,18:00:00,/en/matches/b16cdb53/Zimbabwe-South-Africa-October-10-2025-WCQ----CAF-M
,2026,,2025-10-11 Bulgaria-None,2025-10-11,First round,Sat,Away,W,6,1,Bulgaria,1,0,0,4,11,4,15,6,6,,,0,21:45:00,/en/matches/611a6a00/Bulgaria-Turkiye-October-11-2025-WCQ----UEFA-M
,2026,,2025-10-11 None-Georgia,2025-10-11,First round,Sat,Home,W,2,0,Georgia,1,0,0,12,6,2,22,10,16,,,0,20:45:00,/en/matches/f6ab9dc9/Spain-Georgia-October-11-2025-WCQ----UEFA-M
,2026,,2025-10-11 None-Indonesia,2025-10-11,Fourth round,Sat,Home,W,1,0,Indonesia,2,1,1,6,18,2,13,2,7,,,0,22:30:00,/en/matches/d725201a/Iraq-Indonesia-October-11-2025-WCQ----AFC-M
,2026,,2025-10-11 None-Israel,2025-10-11,First round,Sat,Home,W,5,0,Israel,0,0,0,10,10,1,17,7,5,,,0,18:00:00,/en/matches/401b0820/Norway-Israel-October-11-2025-WCQ----UEFA-M
,2026,,2025-10-11 None-Rep. of Ireland,2025-10-11,First round,Sat,Home,W,1,0,Rep. of Ireland,2,0,0,6,8,4,43,5,7,,,0,19:45:00,/en/matches/b939c780/Portugal-Republic-of-Ireland-October-11-2025-WCQ----UEFA-M
,2026,,2025-10-12 Faroe Islands-None,2025-10-12,First round,Sun,Away,L,1,2,Faroe Islands,1,0,0,13,10,1,42,6,13,,,0,17:00:00,/en/matches/ecd0a8b4/Faroe-Islands-Czechia-October-12-2025-WCQ----UEFA-M
,2026,,2025-10-12 None-Belarus,2025-10-12,First round,Sun,Home,W,2,1,Belarus,0,0,0,10,14,2,26,2,6,,,0,17:00:00,/en/matches/e35964c4/Scotland-Belarus-October-12-2025-WCQ----UEFA-M
,2026,,2025-10-12 None-Comoros,2025-10-12,First round,Sun,Home,W,1,0,Comoros,2,0,0,,,,,,,,,0,19:00:00,/en/matches/d87b78dd/Ghana-Comoros-October-12-2025-WCQ----CAF-M
,2026,,2025-10-12 None-Finland,2025-10-12,First round,Sun,Home,W,4,0,Finland,0,0,0,8,12,2,32,5,4,,,0,18:00:00,/en/matches/aa761d9a/Netherlands-Finland-October-12-2025-WCQ----UEFA-M
,2026,,2025-10-12 None-Gibraltar,2025-10-12,First round,Sun,Home,W,3,0,Gibraltar,0,0,0,7,7,6,46,1,6,,,0,20:45:00,/en/matches/bd6c9d3b/Croatia-Gibraltar-October-12-2025-WCQ----UEFA-M
,2026,,2025-10-12 None-Guinea-Bissau,2025-10-12,First round,Sun,Home,W,1,0,Guinea-Bissau,2,0,0,,,,,,,,,0,22:00:00,/en/matches/5fc514f9/Egypt-Guinea-Bissau-October-12-2025-WCQ----CAF-M
,2026,,2025-10-12 Romania-None,2025-10-12,First round,Sun,Away,L,0,1,Romania,4,0,0,17,10,1,10,6,6,,,0,21:45:00,/en/matches/521c3ed0/Romania-Austria-October-12-2025-WCQ----UEFA-M
,2026,,2025-10-13 Honduras-None,2025-10-13,Third round,Mon,Away,L,0,3,Honduras,0,0,0,,,,,,,,,0,18:00:00,/en/matches/3739ffde/Honduras-Haiti-October-13-2025-WCQ----CONCACAF-M
,2026,,2025-10-13 Iceland-None,2025-10-13,First round,Mon,Away,D,2,2,Iceland,1,0,0,12,16,1,44,9,5,,,0,18:45:00,/en/matches/9b822080/Iceland-France-October-13-2025-WCQ----UEFA-M
,2026,,2025-10-13 None-Eswatini,2025-10-13,First round,Mon,Home,W,3,0,Eswatini,2,0,0,,,,,,,,,0,15:00:00,/en/matches/c041605e/Cabo-Verde-Eswatini-October-13-2025-WCQ----CAF-M
,2026,,2025-10-13 None-Kosovo,2025-10-13,First round,Mon,Home,L,0,1,Kosovo,0,0,0,16,10,0,34,7,6,,,0,20:45:00,/en/matches/e6e69066/Sweden-Kosovo-October-13-2025-WCQ----UEFA-M
,2026,,2025-10-13 None-Namibia,2025-10-13,First round,Mon,Home,W,3,0,Namibia,1,0,0,,,,,,,,,0,14:00:00,/en/matches/bb98ae1a/Tunisia-Namibia-October-13-2025-WCQ----CAF-M
,2026,,2025-10-13 Northern Ireland-None,2025-10-13,First round,Mon,Away,W,1,0,Northern Ireland,2,0,0,14,18,0,16,5,5,,,0,19:45:00,/en/matches/39ca2925/Northern-Ireland-Germany-October-13-2025-WCQ----UEFA-M
,2026,,2025-10-13 Slovenia-None,2025-10-13,First round,Mon,Away,D,0,0,Slovenia,0,0,0,5,10,2,26,7,8,,,0,20:45:00,/en/matches/5b733b81/Slovenia-Switzerland-October-13-2025-WCQ----UEFA-M
,2026,,2025-10-13 Wales-None,2025-10-13,First round,Mon,Away,W,4,2,Wales,1,0,0,6,7,1,9,5,9,,,0,19:45:00,/en/matches/789be0e8/Wales-Belgium-October-13-2025-WCQ----UEFA-M
,2026,,2025-10-14 Latvia-None,2025-10-14,First round,Tue,Away,W,5,0,Latvia,1,0,0,5,11,1,37,12,6,,,0,21:45:00,/en/matches/dfcc36f5/Latvia-England-October-14-2025-WCQ----UEFA-M
,2026,,2025-10-14 None-Bulgaria,2025-10-14,First round,Tue,Home,W,4,0,Bulgaria,0,0,0,7,6,3,32,3,4,,,0,20:45:00,/en/matches/90e53e80/Spain-Bulgaria-October-14-2025-WCQ----UEFA-M
,2026,,2025-10-14 None-Congo,2025-10-14,First round,Tue,Home,W,1,0,Congo,1,0,0,,,,,,,,,0,20:00:00,/en/matches/a5e75f87/Morocco-Congo-October-14-2025-WCQ----CAF-M
,2026,,2025-10-14 None-Georgia,2025-10-14,First round,Tue,Home,W,4,1,Georgia,1,0,0,14,16,2,12,10,14,,,0,21:45:00,/en/matches/b66ea629/Turkiye-Georgia-October-14-2025-WCQ----UEFA-M
,2026,,2025-10-14 None-Hungary,2025-10-14,First round,Tue,Home,D,2,2,Hungary,2,0,0,7,12,1,24,4,5,,,0,19:45:00,/en/matches/b3a15e2f/Portugal-Hungary-October-14-2025-WCQ----UEFA-M
,2026,,2025-10-14 None-Iraq,2025-10-14,Fourth round,Tue,Home,D,0,0,Iraq,4,0,0,13,13,4,15,6,10,,,0,21:45:00,/en/matches/0b439e8f/Saudi-Arabia-Iraq-October-14-2025-WCQ----AFC-M
,2026,,2025-10-14 None-Kenya,2025-10-14,First round,Tue,Home,W,3,0,Kenya,1,0,0,,,,,,,,,0,19:00:00,/en/matches/b6a42b99/Cote-dIvoire-Kenya-October-14-2025-WCQ----CAF-M
,2026,,2025-10-14 None-Mauritania,2025-10-14,First round,Tue,Home,W,4,0,Mauritania,1,0,0,,,,,,,,,0,19:00:00,/en/matches/ffcbe733/Senegal-Mauritania-October-14-2025-WCQ----CAF-M
,2026,,2025-10-14 None-Rwanda,2025-10-14,First round,Tue,Home,W,3,0,Rwanda,3,0,0,,,,,,,,,0,18:00:00,/en/matches/b8cc1e13/South-Africa-Rwanda-October-14-2025-WCQ----CAF-M
,2026,,2025-10-14 None-Sudan,2025-10-14,First round,Tue,Home,W,1,0,Sudan,2,0,0,,,,,,,,,0,20:00:00,/en/matches/4789519e/Congo-DR-Sudan-October-14-2025-WCQ----CAF-M
,2026,,2025-10-14 None-Suriname,2025-10-14,Third round,Tue,Home,D,1,1,Suriname,0,0,0,,,,,,,,,0,20:00:00,/en/matches/677953e5/Panama-Suriname-October-14-2025-WCQ----CONCACAF-M
,2026,,2025-10-14 None-Trin & Tobago,2025-10-14,Third round,Tue,Home,D,1,1,Trin & Tobago,3,0,0,,,,,,,,,0,19:00:00,/en/matches/1c417c55/Curacao-Trinidad-and-Tobago-October-14-2025-WCQ----CONCACAF-M
,2026,,2025-10-14 None-UAE,2025-10-14,Fourth round,Tue,Home,W,2,1,UAE,2,1,0,7,13,0,13,3,11,,,0,20:00:00,/en/matches/7b43321a/Qatar-United-Arab-Emirates-October-14-2025-WCQ----AFC-M
,2026,,2025-10-14 None-Uganda,2025-10-14,First round,Tue,Home,W,2,1,Uganda,1,0,0,,,,,,,,,0,17:00:00,/en/matches/9bb61161/Algeria-Uganda-October-14-2025-WCQ----CAF-M
,2026,,2025-10-14 Saudi Arabia-None,2025-10-14,Fourth round,Tue,Away,D,0,0,Saudi Arabia,2,0,0,13,12,2,12,8,14,,,0,21:45:00,/en/matches/0b439e8f/Saudi-Arabia-Iraq-October-14-2025-WCQ----AFC-M
,2026,,2025-11-13 Bermuda-None,2025-11-13,Third round,Thu,Away,W,7,0,Bermuda,1,0,0,,,,,,,,,0,20:00:00,/en/matches/be4805bf/Bermuda-Curacao-November-13-2025-WCQ----CONCACAF-M
,2026,,2025-11-13 Cameroon-Cameroon,2025-11-13,Second round — Semi-finals,Thu,Neutral,W,1,0,Cameroon,1,0,0,,,,,,,,,0,20:00:00,/en/matches/6ae8ef39/Cameroon-Congo-DR-November-13-2025-WCQ----CAF-M
,2026,,2025-11-13 Guatemala-None,2025-11-13,Third round,Thu,Away,W,3,2,Guatemala,2,0,0,,,,,,,,,0,20:00:00,/en/matches/4a589b4e/Guatemala-Panama-November-13-2025-WCQ----CONCACAF-M
,2026,,2025-11-13 None-Costa Rica,2025-11-13,Third round,Thu,Home,W,1,0,Costa Rica,2,0,0,,,,,,,,,0,22:00:00,/en/matches/174b87ff/Haiti-Costa-Rica-November-13-2025-WCQ----CONCACAF-M
,2026,,2025-11-13 None-Estonia,2025-11-13,First round,Thu,Home,W,4,1,Estonia,0,0,0,9,17,2,27,3,4,,,0,18:00:00,/en/matches/64573eae/Norway-Estonia-November-13-2025-WCQ----UEFA-M
,2026,,2025-11-13 None-Serbia,2025-11-13,First round,Thu,Home,W,2,0,Serbia,0,0,0,13,8,2,18,3,9,,,0,19:45:00,/en/matches/033a4adf/England-Serbia-November-13-2025-WCQ----UEFA-M
,2026,,2025-11-13 None-Ukraine,2025-11-13,First round,Thu,Home,W,4,0,Ukraine,1,0,0,9,10,0,13,8,7,,,0,20:45:00,/en/matches/02165ade/France-Ukraine-November-13-2025-WCQ----UEFA-M
,2026,,2025-11-13 Rep. of Ireland-None,2025-11-13,First round,Thu,Away,L,0,2,Rep. of Ireland,2,1,0,6,4,2,29,7,10,,,0,19:45:00,/en/matches/cf1f16bb/Republic-of-Ireland-Portugal-November-13-2025-WCQ----UEFA-M
,2026,,2025-11-13 UAE-None,2025-11-13,Fifth round,Thu,Away,D,1,1,UAE,1,0,0,11,8,1,19,4,7,,,0,20:00:00,/en/matches/8371ad67/United-Arab-Emirates-Iraq-November-13-2025-WCQ----AFC-M
,2026,,2025-11-14 Luxembourg-None,2025-11-14,First round,Fri,Away,W,2,0,Luxembourg,2,0,0,10,11,2,18,7,6,,,0,20:45:00,/en/matches/e98d0d68/Luxembourg-Germany-November-14-2025-WCQ----UEFA-M
,2026,,2025-11-14 None-Faroe Islands,2025-11-14,First round,Fri,Home,W,3,1,Faroe Islands,0,0,0,9,11,1,32,4,4,,,0,20:45:00,/en/matches/e4bb85b1/Croatia-Faroe-Islands-November-14-2025-WCQ----UEFA-M
,2026,,2025-11-14 Poland-None,2025-11-14,First round,Fri,Away,D,1,1,Poland,1,0,0,14,10,0,20,3,8,,,0,20:45:00,/en/matches/8872104f/Poland-Netherlands-November-14-2025-WCQ----UEFA-M
,2026,,2025-11-15 Cyprus-None,2025-11-15,First round,Sat,Away,W,2,0,Cyprus,0,0,0,15,13,0,14,2,12,,,0,19:00:00,/en/matches/bbba4e66/Cyprus-Austria-November-15-2025-WCQ----UEFA-M
,2026,,2025-11-15 Georgia-None,2025-11-15,First round,Sat,Away,W,4,0,Georgia,1,0,0,9,7,0,21,5,7,,,0,21:00:00,/en/matches/2e3752b9/Georgia-Spain-November-15-2025-WCQ----UEFA-M
,2026,,2025-11-15 Greece-None,2025-11-15,First round,Sat,Away,L,2,3,Greece,3,0,0,14,9,2,25,5,4,,,0,21:45:00,/en/matches/b6468ada/Greece-Scotland-November-15-2025-WCQ----UEFA-M
,2026,,2025-11-15 Kazakhstan-None,2025-11-15,First round,Sat,Away,D,1,1,Kazakhstan,1,0,0,5,17,0,34,6,12,,,0,19:00:00,/en/matches/02b25784/Kazakhstan-Belgium-November-15-2025-WCQ----UEFA-M
,2026,,2025-11-15 None-Bulgaria,2025-11-15,First round,Sat,Home,W,2,0,Bulgaria,3,0,0,11,10,0,22,8,15,,,0,20:00:00,/en/matches/3a42c612/Turkiye-Bulgaria-November-15-2025-WCQ----UEFA-M
,2026,,2025-11-15 None-Romania,2025-11-15,First round,Sat,Home,W,3,1,Romania,5,0,0,15,15,2,25,6,4,,,0,20:45:00,/en/matches/0602fb26/Bosnia-and-Herzegovina-Romania-November-15-2025-WCQ----UEFA-M
,2026,,2025-11-15 None-Sweden,2025-11-15,First round,Sat,Home,W,4,1,Sweden,1,0,0,13,18,0,19,3,5,,,0,20:45:00,/en/matches/33be2d7d/Switzerland-Sweden-November-15-2025-WCQ----UEFA-M
,2026,,2025-11-15 Switzerland-None,2025-11-15,First round,Sat,Away,L,1,4,Switzerland,4,0,0,18,13,1,9,5,7,,,0,20:45:00,/en/matches/33be2d7d/Switzerland-Sweden-November-15-2025-WCQ----UEFA-M
,2026,,2025-11-16 Albania-None,2025-11-16,First round,Sun,Away,W,2,0,Albania,2,0,0,10,9,2,18,14,8,,,0,18:00:00,/en/matches/f6a3426b/Albania-England-November-16-2025-WCQ----UEFA-M
,2026,,2025-11-16 Azerbaijan-None,2025-11-16,First round,Sun,Away,W,3,1,Azerbaijan,0,0,0,12,10,0,23,6,8,,,0,21:00:00,/en/matches/bedbcee1/Azerbaijan-France-November-16-2025-WCQ----UEFA-M
,2026,,2025-11-16 Italy-None,2025-11-16,First round,Sun,Away,W,4,1,Italy,2,0,0,8,15,0,10,7,6,,,0,20:45:00,/en/matches/cff28055/Italy-Norway-November-16-2025-WCQ----UEFA-M
,2026,,2025-11-16 Nigeria-Nigeria,2025-11-16,Second round — Final,Sun,Neutral,D,1 (4),1 (3),Nigeria,0,0,0,,,,,,,,,0,20:00:00,/en/matches/55e08fb0/Nigeria-Congo-DR-November-16-2025-WCQ----CAF-M
,2026,,2025-11-16 None-Armenia,2025-11-16,First round,Sun,Home,W,9,1,Armenia,0,0,0,7,9,3,19,6,8,,,0,14:00:00,/en/matches/09a19bf6/Portugal-Armenia-November-16-2025-WCQ----UEFA-M
,2026,,2025-11-17 Montenegro-None,2025-11-17,First round,Mon,Away,W,3,2,Montenegro,1,0,0,16,15,,24,5,7,,,0,20:45:00,/en/matches/4f2773ae/Montenegro-Croatia-November-17-2025-WCQ----UEFA-M
,2026,,2025-11-17 None-Gibraltar,2025-11-17,First round,Mon,Home,W,6,0,Gibraltar,0,0,0,9,9,2,40,7,9,,,0,20:45:00,/en/matches/0ebe79a8/Czechia-Gibraltar-November-17-2025-WCQ----UEFA-M
,2026,,2025-11-17 None-Lithuania,2025-11-17,First round,Mon,Home,W,4,0,Lithuania,0,0,0,10,9,0,21,6,4,,,0,20:45:00,/en/matches/88e19be4/Netherlands-Lithuania-November-17-2025-WCQ----UEFA-M
,2026,,2025-11-17 None-Slovakia,2025-11-17,First round,Mon,Home,W,6,0,Slovakia,1,0,0,11,2,0,30,4,6,,,0,20:45:00,/en/matches/b64bbdda/Germany-Slovakia-November-17-2025-WCQ----UEFA-M
,2026,,2025-11-18 Austria-None,2025-11-18,First round,Tue,Away,D,1,1,Austria,2,0,0,9,7,1,9,9,13,,,0,20:45:00,/en/matches/13f12bb3/Austria-Bosnia-and-Herzegovina-November-18-2025-WCQ----UEFA-M
,2026,,2025-11-18 Jamaica-None,2025-11-18,Third round,Tue,Away,D,0,0,Jamaica,2,0,0,,,,,,,,,0,20:00:00,/en/matches/3844fe1a/Jamaica-Curacao-November-18-2025-WCQ----CONCACAF-M
,2026,,2025-11-18 Kosovo-None,2025-11-18,First round,Tue,Away,D,1,1,Kosovo,0,0,0,9,9,1,8,6,10,,,0,20:45:00,/en/matches/171d228d/Kosovo-Switzerland-November-18-2025-WCQ----UEFA-M
,2026,,2025-11-18 None-Bosnia–Herz,2025-11-18,First round,Tue,Home,D,1,1,Bosnia–Herz,1,0,0,8,7,2,28,7,11,,,0,20:45:00,/en/matches/13f12bb3/Austria-Bosnia-and-Herzegovina-November-18-2025-WCQ----UEFA-M
,2026,,2025-11-18 None-Denmark,2025-11-18,First round,Tue,Home,W,4,2,Denmark,1,0,0,15,11,1,16,12,18,,,0,19:45:00,/en/matches/68f693c2/Scotland-Denmark-November-18-2025-WCQ----UEFA-M
,2026,,2025-11-18 None-El Salvador,2025-11-18,Third round,Tue,Home,W,3,0,El Salvador,1,0,0,,,,,,,,,0,20:00:00,/en/matches/cb79e6ac/Panama-El-Salvador-November-18-2025-WCQ----CONCACAF-M
,2026,,2025-11-18 None-Liechtenstein,2025-11-18,First round,Tue,Home,W,7,0,Liechtenstein,0,0,0,9,10,1,33,6,12,,,0,20:45:00,/en/matches/8e442494/Belgium-Liechtenstein-November-18-2025-WCQ----UEFA-M
,2026,,2025-11-18 None-Nicaragua,2025-11-18,Third round,Tue,Home,W,2,0,Nicaragua,4,0,0,,,,,,,,,0,21:00:00,/en/matches/b17e720d/Haiti-Nicaragua-November-18-2025-WCQ----CONCACAF-M
,2026,,2025-11-18 None-Slovenia,2025-11-18,First round,Tue,Home,D,1,1,Slovenia,2,0,0,6,11,2,15,14,7,,,0,20:45:00,/en/matches/167d1082/Sweden-Slovenia-November-18-2025-WCQ----UEFA-M
,2026,,2025-11-18 None-Türkiye,2025-11-18,First round,Tue,Home,D,2,2,Türkiye,1,0,0,5,8,3,21,5,4,,,0,20:45:00,/en/matches/dced891d/Spain-Turkiye-November-18-2025-WCQ----UEFA-M
,2026,,2025-11-18 None-UAE,2025-11-18,Fifth round,Tue,Home,W,2,1,UAE,1,0,0,8,11,1,25,4,6,,,0,19:00:00,/en/matches/ef31586f/Iraq-United-Arab-Emirates-November-18-2025-WCQ----AFC-M
,2026,,2025-11-18 Spain-None,2025-11-18,First round,Tue,Away,D,2,2,Spain,5,0,0,8,5,1,10,10,8,,,0,20:45:00,/en/matches/dced891d/Spain-Turkiye-November-18-2025-WCQ----UEFA-M
,2026,,2026-03-26 Brazil-Brazil,2026-03-26,Friendlies (M),Thu,Neutral,W,2,1,Brazil,3,1,0,,,,,,,,,0,16:00:00,/en/matches/b9dc227a/Brazil-France-March-26-2026-Friendlies-M
,2026,,2026-03-26 Colombia-Colombia,2026-03-26,Friendlies (M),Thu,Neutral,W,2,1,Colombia,3,0,0,,,,,,,,,0,19:30:00,/en/matches/7bef623c/Croatia-Colombia-March-26-2026-Friendlies-M
,2026,,2026-03-26 Croatia-Croatia,2026-03-26,Friendlies (M),Thu,Neutral,L,1,2,Croatia,0,0,0,,,,,,,,,0,19:30:00,/en/matches/7bef623c/Croatia-Colombia-March-26-2026-Friendlies-M
,2026,,2026-03-26 France-France,2026-03-26,Friendlies (M),Thu,Neutral,L,1,2,France,4,0,0,,,,,,,,,0,16:00:00,/en/matches/b9dc227a/Brazil-France-March-26-2026-Friendlies-M
,2026,,2026-03-26 Rep. of Ireland-Rep. of Ireland,2026-03-26,Second round — Semi-finals,Thu,Neutral,D,2 (4),2 (3),Rep. of Ireland,1,0,0,25,14,2,33,9,13,,,1,20:45:00,/en/matches/b9fa1ef0/Czechia-Republic-of-Ireland-March-26-2026-WCQ----UEFA-M
,2026,,2026-03-26 Romania-Romania,2026-03-26,Second round — Semi-finals,Thu,Neutral,W,1,0,Romania,2,0,0,7,12,2,22,10,12,,,0,20:00:00,/en/matches/d8dbe604/Turkiye-Romania-March-26-2026-WCQ----UEFA-M
,2026,,2026-03-26 Ukraine-Ukraine,2026-03-26,Second round — Semi-finals,Thu,Neutral,W,3,1,Ukraine,1,0,0,10,11,0,7,10,6,,,0,20:45:00,/en/matches/6c0eb81f/Ukraine-Sweden-March-26-2026-WCQ----UEFA-M
,2026,,2026-03-26 Wales-Wales,2026-03-26,Second round — Semi-finals,Thu,Neutral,D,1 (4),1 (2),Wales,4,0,0,20,8,1,20,13,9,,,0,19:45:00,/en/matches/223b6f6d/Wales-Bosnia-and-Herzegovina-March-26-2026-WCQ----UEFA-M
,2026,,2026-03-27 Austria-None,2026-03-27,Friendlies (M),Fri,Away,L,1,5,Austria,2,0,0,,,,,,,,,0,18:00:00,/en/matches/3e29ace5/Austria-Ghana-March-27-2026-Friendlies-M
,2026,,2026-03-27 Ecuador-Ecuador,2026-03-27,Friendlies (M),Fri,Neutral,D,1,1,Ecuador,1,0,0,,,,,,,,,0,21:15:00,/en/matches/c28e1e8c/Morocco-Ecuador-March-27-2026-Friendlies-M
,2026,,2026-03-27 England-None,2026-03-27,Friendlies (M),Fri,Away,D,1,1,England,2,0,0,,,,,,,,,0,19:45:00,/en/matches/99caec30/England-Uruguay-March-27-2026-Friendlies-M
,2026,,2026-03-27 Greece-None,2026-03-27,Friendlies (M),Fri,Away,W,1,0,Greece,0,0,0,,,,,,,,,0,21:00:00,/en/matches/a9e4aa92/Greece-Paraguay-March-27-2026-Friendlies-M
,2026,,2026-03-27 Guatemala-Guatemala,2026-03-27,Friendlies (M),Fri,Neutral,W,7,0,Guatemala,0,0,0,,,,,,,,,0,20:30:00,/en/matches/b4566156/Algeria-Guatemala-March-27-2026-Friendlies-M
,2026,,2026-03-27 Morocco-Morocco,2026-03-27,Friendlies (M),Fri,Neutral,D,1,1,Morocco,0,0,0,,,,,,,,,0,21:15:00,/en/matches/c28e1e8c/Morocco-Ecuador-March-27-2026-Friendlies-M
,2026,,2026-03-27 Netherlands-None,2026-03-27,Friendlies (M),Fri,Away,L,1,2,Netherlands,1,0,0,,,,,,,,,0,20:45:00,/en/matches/f20c7973/Netherlands-Norway-March-27-2026-Friendlies-M
,2026,,2026-03-27 None-Egypt,2026-03-27,Friendlies (M),Fri,Home,L,0,4,Egypt,2,0,0,,,,,,,,,0,20:30:00,/en/matches/ffe7a43a/Saudi-Arabia-Egypt-March-27-2026-Friendlies-M
,2026,,2026-03-27 None-Germany,2026-03-27,Friendlies (M),Fri,Home,L,3,4,Germany,0,0,0,,,,,,,,,0,20:45:00,/en/matches/ec873493/Switzerland-Germany-March-27-2026-Friendlies-M
,2026,,2026-03-27 None-Ghana,2026-03-27,Friendlies (M),Fri,Home,W,5,1,Ghana,1,0,0,,,,,,,,,0,18:00:00,/en/matches/3e29ace5/Austria-Ghana-March-27-2026-Friendlies-M
,2026,,2026-03-27 None-Mauritania,2026-03-27,Friendlies (M),Fri,Home,W,2,1,Mauritania,1,0,0,,,,,,,,,0,20:15:00,/en/matches/d7399ba1/Argentina-Mauritania-March-27-2026-Friendlies-M
,2026,,2026-03-27 None-Norway,2026-03-27,Friendlies (M),Fri,Home,W,2,1,Norway,0,0,0,,,,,,,,,0,20:45:00,/en/matches/f20c7973/Netherlands-Norway-March-27-2026-Friendlies-M
,2026,,2026-03-27 None-Panama,2026-03-27,Friendlies (M),Fri,Home,D,1,1,Panama,1,0,0,,,,,,,,,0,19:00:00,/en/matches/97d3d9fb/South-Africa-Panama-March-27-2026-Friendlies-M
,2026,,2026-03-27 None-Serbia,2026-03-27,Friendlies (M),Fri,Home,W,3,0,Serbia,0,0,0,,,,,,,,,0,21:00:00,/en/matches/07039168/Spain-Serbia-March-27-2026-Friendlies-M
,2026,,2026-03-27 None-Uruguay,2026-03-27,Friendlies (M),Fri,Home,D,1,1,Uruguay,1,0,0,,,,,,,,,0,19:45:00,/en/matches/99caec30/England-Uruguay-March-27-2026-Friendlies-M
,2026,,2026-03-27 Saudi Arabia-None,2026-03-27,Friendlies (M),Fri,Away,W,4,0,Saudi Arabia,0,0,0,,,,,,,,,0,20:30:00,/en/matches/ffe7a43a/Saudi-Arabia-Egypt-March-27-2026-Friendlies-M
,2026,,2026-03-27 South Africa-None,2026-03-27,Friendlies (M),Fri,Away,D,1,1,South Africa,2,0,0,,,,,,,,,0,19:00:00,/en/matches/97d3d9fb/South-Africa-Panama-March-27-2026-Friendlies-M
,2026,,2026-03-27 Switzerland-None,2026-03-27,Friendlies (M),Fri,Away,W,4,3,Switzerland,0,0,0,,,,,,,,,0,20:45:00,/en/matches/ec873493/Switzerland-Germany-March-27-2026-Friendlies-M
,2026,,2026-03-28 Côte d'Ivoire-Côte d'Ivoire,2026-03-28,Friendlies (M),Sat,Neutral,L,0,4,Côte d'Ivoire,0,0,0,,,,,,,,,0,14:00:00,/en/matches/71830a15/Korea-Republic-Cote-dIvoire-March-28-2026-Friendlies-M
,2026,,2026-03-28 Haiti-Haiti,2026-03-28,Friendlies (M),Sat,Neutral,W,1,0,Haiti,2,0,0,,,,,,,,,0,20:00:00,/en/matches/afb63da3/Haiti-Tunisia-March-28-2026-Friendlies-M
,2026,,2026-03-28 Korea Republic-Korea Republic,2026-03-28,Friendlies (M),Sat,Neutral,W,4,0,Korea Republic,0,0,0,,,,,,,,,0,14:00:00,/en/matches/71830a15/Korea-Republic-Cote-dIvoire-March-28-2026-Friendlies-M
,2026,,2026-03-28 Mexico-None,2026-03-28,Friendlies (M),Sat,Away,D,0,0,Mexico,1,0,0,,,,,,,,,0,19:00:00,/en/matches/89af3085/Mexico-Portugal-March-28-2026-Friendlies-M
,2026,,2026-03-28 None-Belgium,2026-03-28,Friendlies (M),Sat,Home,L,2,5,Belgium,2,0,0,,,,,,,,,0,15:37:00,/en/matches/af7ce286/United-States-Belgium-March-28-2026-Friendlies-M
,2026,,2026-03-28 None-Iceland,2026-03-28,Friendlies (M),Sat,Home,D,2,2,Iceland,0,1,0,,,,,,,,,0,13:20:00,/en/matches/23e80c9c/Canada-Iceland-March-28-2026-Friendlies-M
,2026,,2026-03-28 None-Japan,2026-03-28,Friendlies (M),Sat,Home,L,0,1,Japan,0,0,0,,,,,,,,,0,17:00:00,/en/matches/c1524931/Scotland-Japan-March-28-2026-Friendlies-M
,2026,,2026-03-28 None-Portugal,2026-03-28,Friendlies (M),Sat,Home,D,0,0,Portugal,1,0,0,,,,,,,,,0,19:00:00,/en/matches/89af3085/Mexico-Portugal-March-28-2026-Friendlies-M
,2026,,2026-03-28 Peru-Peru,2026-03-28,Friendlies (M),Sat,Neutral,W,2,0,Peru,1,0,0,,,,,,,,,0,17:00:00,/en/matches/3e33d427/Senegal-Peru-March-28-2026-Friendlies-M
,2026,,2026-03-28 Scotland-None,2026-03-28,Friendlies (M),Sat,Away,W,1,0,Scotland,2,0,0,,,,,,,,,0,17:00:00,/en/matches/c1524931/Scotland-Japan-March-28-2026-Friendlies-M
,2026,,2026-03-28 Tunisia-Tunisia,2026-03-28,Friendlies (M),Sat,Neutral,L,0,1,Tunisia,4,1,1,,,,,,,,,0,20:00:00,/en/matches/afb63da3/Haiti-Tunisia-March-28-2026-Friendlies-M
,2026,,2026-03-28 USA-None,2026-03-28,Friendlies (M),Sat,Away,W,5,2,USA,0,0,0,,,,,,,,,0,15:37:00,/en/matches/af7ce286/United-States-Belgium-March-28-2026-Friendlies-M
,2026,,2026-03-29 Colombia-Colombia,2026-03-29,Friendlies (M),Sun,Neutral,W,3,1,Colombia,3,0,0,,,,,,,,,0,15:00:00,/en/matches/4be8d965/Colombia-France-March-29-2026-Friendlies-M
,2026,,2026-03-29 France-France,2026-03-29,Friendlies (M),Sun,Neutral,L,1,3,France,1,0,0,,,,,,,,,0,15:00:00,/en/matches/4be8d965/Colombia-France-March-29-2026-Friendlies-M
,2026,,2026-03-30 Germany-None,2026-03-30,Friendlies (M),Mon,Away,L,1,2,Germany,3,0,0,,,,,,,,,0,20:45:00,/en/matches/58260c4f/Germany-Ghana-March-30-2026-Friendlies-M
,2026,,2026-03-30 None-Ghana,2026-03-30,Friendlies (M),Mon,Home,W,2,1,Ghana,1,0,0,,,,,,,,,0,20:45:00,/en/matches/58260c4f/Germany-Ghana-March-30-2026-Friendlies-M
,2026,,2026-03-31 Algeria-Algeria,2026-03-31,Friendlies (M),Tue,Neutral,D,0,0,Algeria,3,0,0,,,,,,,,,0,20:30:00,/en/matches/d2fe1225/Algeria-Uruguay-March-31-2026-Friendlies-M
,2026,,2026-03-31 Austria-None,2026-03-31,Friendlies (M),Tue,Away,L,0,1,Austria,0,0,0,,,,,,,,,0,20:45:00,/en/matches/1fe6a607/Austria-Korea-Republic-March-31-2026-Friendlies-M
,2026,,2026-03-31 Belgium-Belgium,2026-03-31,Friendlies (M),Tue,Neutral,D,1,1,Belgium,2,0,0,,,,,,,,,0,20:00:00,/en/matches/fe01feb5/Mexico-Belgium-March-31-2026-Friendlies-M
,2026,,2026-03-31 Bolivia-Bolivia,2026-03-31,WCQ — Inter-confederation play-offs finals (M),Tue,Neutral,W,2,1,Bolivia,3,0,0,,,,,,,,,,21:00:00,/en/matches/27d1123d/Iraq-Bolivia-March-31-2026-FIFA-World-Cup-Qualification----Inter-confederation-play-offs
,2026,,2026-03-31 Brazil-Brazil,2026-03-31,Friendlies (M),Tue,Neutral,L,1,3,Brazil,3,0,0,,,,,,,,,0,20:00:00,/en/matches/750b2b0b/Brazil-Croatia-March-31-2026-Friendlies-M
,2026,,2026-03-31 Canada-None,2026-03-31,Friendlies (M),Tue,Away,D,0,0,Canada,2,0,0,,,,,,,,,0,21:00:00,/en/matches/1d92b1e6/Canada-Tunisia-March-31-2026-Friendlies-M
,2026,,2026-03-31 Croatia-Croatia,2026-03-31,Friendlies (M),Tue,Neutral,W,3,1,Croatia,1,0,0,,,,,,,,,0,20:00:00,/en/matches/750b2b0b/Brazil-Croatia-March-31-2026-Friendlies-M
,2026,,2026-03-31 Côte d'Ivoire-Côte d'Ivoire,2026-03-31,Friendlies (M),Tue,Neutral,L,0,1,Côte d'Ivoire,0,0,0,,,,,,,,,0,19:30:00,/en/matches/ffd25819/Cote-dIvoire-Scotland-March-31-2026-Friendlies-M
,2026,,2026-03-31 England-None,2026-03-31,Friendlies (M),Tue,Away,W,1,0,England,2,0,0,,,,,,,,,0,19:45:00,/en/matches/4b3667c6/England-Japan-March-31-2026-Friendlies-M
,2026,,2026-03-31 Iceland-Iceland,2026-03-31,Friendlies (M),Tue,Neutral,D,1,1,Iceland,2,0,0,,,,,,,,,0,13:30:00,/en/matches/1a46d9fe/Haiti-Iceland-March-31-2026-Friendlies-M
,2026,,2026-03-31 Jamaica-Jamaica,2026-03-31,WCQ — Inter-confederation play-offs finals (M),Tue,Neutral,W,1,0,Jamaica,0,0,0,,,,,,,,,,15:00:00,/en/matches/27e15e8a/Congo-DR-Jamaica-March-31-2026-FIFA-World-Cup-Qualification----Inter-confederation-play-offs
,2026,,2026-03-31 Kosovo-None,2026-03-31,Second round — Finals,Tue,Away,W,1,0,Kosovo,5,0,0,10,10,2,9,11,12,,,0,20:45:00,/en/matches/1cdb800b/Kosovo-Turkiye-March-31-2026-WCQ----UEFA-M
,2026,,2026-03-31 Mexico-Mexico,2026-03-31,Friendlies (M),Tue,Neutral,D,1,1,Mexico,3,0,0,,,,,,,,,0,20:00:00,/en/matches/fe01feb5/Mexico-Belgium-March-31-2026-Friendlies-M
,2026,,2026-03-31 Morocco-Morocco,2026-03-31,Friendlies (M),Tue,Neutral,L,1,2,Morocco,6,0,0,,,,,,,,,0,20:00:00,/en/matches/2424820a/Morocco-Paraguay-March-31-2026-Friendlies-M
,2026,,2026-03-31 Netherlands-None,2026-03-31,Friendlies (M),Tue,Away,D,1,1,Netherlands,2,0,0,,,,,,,,,1,20:45:00,/en/matches/74458d95/Netherlands-Ecuador-March-31-2026-Friendlies-M
,2026,,2026-03-31 None-Denmark,2026-03-31,Second round — Finals,Tue,Home,D,2 (3),2 (1),Denmark,1,0,0,20,11,1,18,13,12,,,0,20:45:00,/en/matches/693388b2/Czechia-Denmark-March-31-2026-WCQ----UEFA-M
,2026,,2026-03-31 None-Ecuador,2026-03-31,Friendlies (M),Tue,Home,D,1,1,Ecuador,0,1,0,,,,,,,,,0,20:45:00,/en/matches/74458d95/Netherlands-Ecuador-March-31-2026-Friendlies-M
,2026,,2026-03-31 None-Egypt,2026-03-31,Friendlies (M),Tue,Home,D,0,0,Egypt,0,0,0,,,,,,,,,0,21:00:00,/en/matches/6e94df18/Spain-Egypt-March-31-2026-Friendlies-M
,2026,,2026-03-31 None-Gambia,2026-03-31,Friendlies (M),Tue,Home,W,3,1,Gambia,1,0,0,,,,,,,,,0,19:00:00,/en/matches/4c9576db/Senegal-Gambia-March-31-2026-Friendlies-M
,2026,,2026-03-31 None-Italy,2026-03-31,Second round — Finals,Tue,Home,D,1 (4),1 (1),Italy,3,0,0,18,8,2,54,3,12,,,0,20:45:00,/en/matches/e9d707b9/Bosnia-and-Herzegovina-Italy-March-31-2026-WCQ----UEFA-M
,2026,,2026-03-31 None-Japan,2026-03-31,Friendlies (M),Tue,Home,L,0,1,Japan,0,0,0,,,,,,,,,0,19:45:00,/en/matches/4b3667c6/England-Japan-March-31-2026-Friendlies-M
,2026,,2026-03-31 None-Korea Republic,2026-03-31,Friendlies (M),Tue,Home,W,1,0,Korea Republic,1,0,0,,,,,,,,,0,20:45:00,/en/matches/1fe6a607/Austria-Korea-Republic-March-31-2026-Friendlies-M
,2026,,2026-03-31 None-Panama,2026-03-31,Friendlies (M),Tue,Home,L,1,2,Panama,3,0,0,,,,,,,,,0,19:30:00,/en/matches/b328181f/South-Africa-Panama-March-31-2026-Friendlies-M
,2026,,2026-03-31 None-Poland,2026-03-31,Second round — Finals,Tue,Home,W,3,2,Poland,2,0,0,15,14,1,9,6,8,,,0,20:45:00,/en/matches/9cdf2d93/Sweden-Poland-March-31-2026-WCQ----UEFA-M
,2026,,2026-03-31 None-Portugal,2026-03-31,Friendlies (M),Tue,Home,L,0,2,Portugal,1,0,0,,,,,,,,,0,19:07:00,/en/matches/b6c29c83/United-States-Portugal-March-31-2026-Friendlies-M
,2026,,2026-03-31 None-Switzerland,2026-03-31,Friendlies (M),Tue,Home,D,0,0,Switzerland,0,0,0,,,,,,,,,0,18:00:00,/en/matches/311568bb/Norway-Switzerland-March-31-2026-Friendlies-M
,2026,,2026-03-31 None-Tunisia,2026-03-31,Friendlies (M),Tue,Home,D,0,0,Tunisia,4,0,0,,,,,,,,,0,21:00:00,/en/matches/1d92b1e6/Canada-Tunisia-March-31-2026-Friendlies-M
,2026,,2026-03-31 None-Zambia,2026-03-31,Friendlies (M),Tue,Home,W,5,0,Zambia,0,0,0,,,,,,,,,0,20:30:00,/en/matches/ec63900d/Argentina-Zambia-March-31-2026-Friendlies-M
,2026,,2026-03-31 Norway-None,2026-03-31,Friendlies (M),Tue,Away,D,0,0,Norway,0,0,0,,,,,,,,,0,18:00:00,/en/matches/311568bb/Norway-Switzerland-March-31-2026-Friendlies-M
,2026,,2026-03-31 Paraguay-Paraguay,2026-03-31,Friendlies (M),Tue,Neutral,W,2,1,Paraguay,3,0,0,,,,,,,,,0,20:00:00,/en/matches/2424820a/Morocco-Paraguay-March-31-2026-Friendlies-M
,2026,,2026-03-31 Scotland-Scotland,2026-03-31,Friendlies (M),Tue,Neutral,W,1,0,Scotland,0,0,0,,,,,,,,,0,19:30:00,/en/matches/ffd25819/Cote-dIvoire-Scotland-March-31-2026-Friendlies-M
,2026,,2026-03-31 Serbia-None,2026-03-31,Friendlies (M),Tue,Away,L,1,2,Serbia,2,0,0,,,,,,,,,0,18:00:00,/en/matches/cf66a1f7/Serbia-Saudi-Arabia-March-31-2026-Friendlies-M
,2026,,2026-03-31 South Africa-None,2026-03-31,Friendlies (M),Tue,Away,W,2,1,South Africa,4,0,0,,,,,,,,,0,19:30:00,/en/matches/b328181f/South-Africa-Panama-March-31-2026-Friendlies-M
,2026,,2026-03-31 Spain-None,2026-03-31,Friendlies (M),Tue,Away,D,0,0,Spain,5,1,1,,,,,,,,,0,21:00:00,/en/matches/6e94df18/Spain-Egypt-March-31-2026-Friendlies-M
,2026,,2026-03-31 USA-None,2026-03-31,Friendlies (M),Tue,Away,W,2,0,USA,1,0,0,,,,,,,,,0,19:07:00,/en/matches/b6c29c83/United-States-Portugal-March-31-2026-Friendlies-M
,2026,,2026-03-31 Uruguay-Uruguay,2026-03-31,Friendlies (M),Tue,Neutral,D,0,0,Uruguay,4,0,0,,,,,,,,,0,20:30:00,/en/matches/d2fe1225/Algeria-Uruguay-March-31-2026-Friendlies-M
,2026,,2026-05-22 Mexico-None,2026-05-22,Friendlies (M),Fri,Away,L,0,2,Mexico,1,0,0,,,,,,,,,0,20:00:00,/en/matches/3a39a2d2/Mexico-Ghana-May-22-2026-Friendlies-M
,2026,,2026-05-22 None-Ghana,2026-05-22,Friendlies (M),Fri,Home,W,2,0,Ghana,1,0,0,,,,,,,,,0,20:00:00,/en/matches/3a39a2d2/Mexico-Ghana-May-22-2026-Friendlies-M
,2026,,2026-05-28 None-Russia,2026-05-28,Friendlies (M),Thu,Home,W,1,0,Russia,1,0,0,,,,,,,,,0,21:00:00,/en/matches/ab287078/Egypt-Russia-May-28-2026-Friendlies-M
,2026,,2026-05-28 Rep. of Ireland-None,2026-05-28,Friendlies (M),Thu,Away,L,0,1,Rep. of Ireland,0,1,0,,,,,,,,,0,19:45:00,/en/matches/02252990/Republic-of-Ireland-Qatar-May-28-2026-Friendlies-M
,2026,,2026-05-29 Andorra-Andorra,2026-05-29,Friendlies (M),Fri,Neutral,W,1,0,Andorra,0,0,0,,,,,,,,,0,18:00:00,/en/matches/fcac67d6/Iraq-Andorra-May-29-2026-Friendlies-M
,2026,,2026-05-29 Gambia-Gambia,2026-05-29,Friendlies (M),Fri,Neutral,W,3,1,Gambia,1,0,0,,,,,,,,,0,18:30:00,/en/matches/3860eec0/IR-Iran-Gambia-May-29-2026-Friendlies-M
,2026,,2026-05-29 None-Nicaragua,2026-05-29,Friendlies (M),Fri,Home,D,0,0,Nicaragua,0,0,0,,,,,,,,,0,18:00:00,/en/matches/25da0bdc/South-Africa-Nicaragua-May-29-2026-Friendlies-M
,2026,,2026-05-29 None-No. Macedonia,2026-05-29,Friendlies (M),Fri,Home,D,0,0,No. Macedonia,0,0,0,,,,,,,,,0,20:30:00,/en/matches/b31e1982/Bosnia-and-Herzegovina-North-Macedonia-May-29-2026-Friendlies-M
,2026,,2026-05-30 Australia-Australia,2026-05-30,Friendlies (M),Sat,Neutral,W,1,0,Australia,1,0,0,,,,,,,,,0,19:00:00,/en/matches/b2452c96/Mexico-Australia-May-30-2026-Friendlies-M
,2026,,2026-05-30 Ecuador-Ecuador,2026-05-30,Friendlies (M),Sat,Neutral,L,1,2,Ecuador,1,0,0,,,,,,,,,0,20:00:00,/en/matches/e3883d15/Ecuador-Saudi-Arabia-May-30-2026-Friendlies-M
,2026,,2026-05-30 Mexico-Mexico,2026-05-30,Friendlies (M),Sat,Neutral,L,0,1,Mexico,1,0,0,,,,,,,,,0,19:00:00,/en/matches/b2452c96/Mexico-Australia-May-30-2026-Friendlies-M
,2026,,2026-05-30 None-Curaçao,2026-05-30,Friendlies (M),Sat,Home,W,4,1,Curaçao,2,0,0,,,,,,,,,0,13:00:00,/en/matches/9aa38da5/Scotland-Curacao-May-30-2026-Friendlies-M
,2026,,2026-05-30 Saudi Arabia-Saudi Arabia,2026-05-30,Friendlies (M),Sat,Neutral,W,2,1,Saudi Arabia,1,0,0,,,,,,,,,0,20:00:00,/en/matches/e3883d15/Ecuador-Saudi-Arabia-May-30-2026-Friendlies-M
,2026,,2026-05-30 Scotland-None,2026-05-30,Friendlies (M),Sat,Away,L,1,4,Scotland,2,1,0,,,,,,,,,0,13:00:00,/en/matches/9aa38da5/Scotland-Curacao-May-30-2026-Friendlies-M
,2026,,2026-05-30 Trin & Tobago-Trin & Tobago,2026-05-30,Friendlies (M),Sat,Neutral,W,5,0,Trin & Tobago,1,0,0,,,,,,,,,0,19:00:00,/en/matches/808ebdc4/Korea-Republic-Trinidad-and-Tobago-May-30-2026-Friendlies-M
,2026,,2026-05-31 Brazil-None,2026-05-31,Friendlies (M),Sun,Away,L,2,6,Brazil,1,0,0,,,,,,,,,0,18:30:00,/en/matches/95ecd65b/Brazil-Panama-May-31-2026-Friendlies-M
,2026,,2026-05-31 None-Finland,2026-05-31,Friendlies (M),Sun,Home,W,4,0,Finland,0,0,0,,,,,,,,,0,20:45:00,/en/matches/bd546802/Germany-Finland-May-31-2026-Friendlies-M
,2026,,2026-05-31 None-Iceland,2026-05-31,Friendlies (M),Sun,Home,W,1,0,Iceland,0,0,0,,,,,,,,,0,19:25:00,/en/matches/39f9cb25/Japan-Iceland-May-31-2026-Friendlies-M
,2026,,2026-05-31 None-Jordan,2026-05-31,Friendlies (M),Sun,Home,W,4,1,Jordan,0,0,0,,,,,,,,,0,15:00:00,/en/matches/1e8a97eb/Switzerland-Jordan-May-31-2026-Friendlies-M
,2026,,2026-05-31 None-Kosovo,2026-05-31,Friendlies (M),Sun,Home,W,2,1,Kosovo,0,0,0,,,,,,,,,0,16:00:00,/en/matches/98b88e9a/Czechia-Kosovo-May-31-2026-Friendlies-M
,2026,,2026-05-31 None-Panama,2026-05-31,Friendlies (M),Sun,Home,W,6,2,Panama,0,0,0,,,,,,,,,1,18:30:00,/en/matches/95ecd65b/Brazil-Panama-May-31-2026-Friendlies-M
,2026,,2026-05-31 None-Senegal,2026-05-31,Friendlies (M),Sun,Home,W,3,2,Senegal,1,0,0,,,,,,,,,0,15:30:00,/en/matches/e3a78261/United-States-Senegal-May-31-2026-Friendlies-M
,2026,,2026-05-31 Serbia-Serbia,2026-05-31,Friendlies (M),Sun,Neutral,W,3,0,Serbia,3,0,0,,,,,,,,,0,16:00:00,/en/matches/65691fa1/Cabo-Verde-Serbia-May-31-2026-Friendlies-M
,2026,,2026-05-31 Switzerland-None,2026-05-31,Friendlies (M),Sun,Away,L,1,4,Switzerland,0,0,0,,,,,,,,,0,15:00:00,/en/matches/1e8a97eb/Switzerland-Jordan-May-31-2026-Friendlies-M
,2026,,2026-05-31 USA-None,2026-05-31,Friendlies (M),Sun,Away,L,2,3,USA,0,0,0,,,,,,,,,0,15:30:00,/en/matches/e3a78261/United-States-Senegal-May-31-2026-Friendlies-M
,2026,,2026-06-01 Austria-None,2026-06-01,Friendlies (M),Mon,Away,L,0,1,Austria,1,0,0,,,,,,,,,0,20:45:00,/en/matches/217a01dc/Austria-Tunisia-June-1-2026-Friendlies-M
,2026,,2026-06-01 Canada-None,2026-06-01,Friendlies (M),Mon,Away,L,0,2,Canada,2,0,0,,,,,,,,,0,19:00:00,/en/matches/89e6a053/Canada-Uzbekistan-June-1-2026-Friendlies-M
,2026,,2026-06-01 None-Costa Rica,2026-06-01,Friendlies (M),Mon,Home,W,3,1,Costa Rica,2,0,0,,,,,,,,,0,18:00:00,/en/matches/d1add9e8/Colombia-Costa-Rica-June-1-2026-Friendlies-M
,2026,,2026-06-01 None-No. Macedonia,2026-06-01,Friendlies (M),Mon,Home,W,4,0,No. Macedonia,0,0,0,,,,,,,,,0,20:30:00,/en/matches/b44be9cf/Turkiye-North-Macedonia-June-1-2026-Friendlies-M
,2026,,2026-06-01 None-Sweden,2026-06-01,Friendlies (M),Mon,Home,W,3,1,Sweden,0,0,0,,,,,,,,,0,19:00:00,/en/matches/44380925/Norway-Sweden-June-1-2026-Friendlies-M
,2026,,2026-06-01 None-Tunisia,2026-06-01,Friendlies (M),Mon,Home,W,1,0,Tunisia,2,1,0,,,,,,,,,0,20:45:00,/en/matches/217a01dc/Austria-Tunisia-June-1-2026-Friendlies-M
,2026,,2026-06-01 None-Uzbekistan,2026-06-01,Friendlies (M),Mon,Home,W,2,0,Uzbekistan,2,0,0,,,,,,,,,0,19:00:00,/en/matches/89e6a053/Canada-Uzbekistan-June-1-2026-Friendlies-M
,2026,,2026-06-01 Norway-None,2026-06-01,Friendlies (M),Mon,Away,L,1,3,Norway,1,0,0,,,,,,,,,0,19:00:00,/en/matches/44380925/Norway-Sweden-June-1-2026-Friendlies-M
,2026,,2026-06-02 Croatia-None,2026-06-02,Friendlies (M),Tue,Away,W,2,0,Croatia,2,0,0,,,,,,,,,0,18:00:00,/en/matches/93f69e6e/Croatia-Belgium-June-2-2026-Friendlies-M
,2026,,2026-06-02 Haiti-Haiti,2026-06-02,Friendlies (M),Tue,Neutral,L,0,4,Haiti,1,0,0,,,,,,,,,0,20:36:00,/en/matches/9cd61d29/Haiti-New-Zealand-June-2-2026-Friendlies-M
,2026,,2026-06-02 New Zealand-New Zealand,2026-06-02,Friendlies (M),Tue,Neutral,W,4,0,New Zealand,0,0,0,,,,,,,,,0,20:36:00,/en/matches/9cd61d29/Haiti-New-Zealand-June-2-2026-Friendlies-M
,2026,,2026-06-02 None-Belgium,2026-06-02,Friendlies (M),Tue,Home,L,0,2,Belgium,2,0,0,,,,,,,,,0,18:00:00,/en/matches/93f69e6e/Croatia-Belgium-June-2-2026-Friendlies-M
,2026,,2026-06-02 None-Madagascar,2026-06-02,Friendlies (M),Tue,Home,W,4,0,Madagascar,2,0,0,,,,,,,,,0,18:15:00,/en/matches/81c956c8/Morocco-Madagascar-June-2-2026-Friendlies-M
,2026,,2026-06-02 Wales-None,2026-06-02,Friendlies (M),Tue,Away,D,1,1,Wales,2,0,0,,,,,,,,,0,19:45:00,/en/matches/435173b8/Wales-Ghana-June-2-2026-Friendlies-M
,2026,,2026-06-03 Denmark-Denmark,2026-06-03,Friendlies (M),Wed,Neutral,D,0,0,Denmark,0,0,0,,,,,,,,,0,20:00:00,/en/matches/17bfc0fe/Denmark-Congo-DR-June-3-2026-Friendlies-M
,2026,,2026-06-03 El Salvador-El Salvador,2026-06-03,Friendlies (M),Wed,Neutral,W,1,0,El Salvador,4,0,0,,,,,,,,,0,19:00:00,/en/matches/d31788ba/Korea-Republic-El-Salvador-June-3-2026-Friendlies-M
,2026,,2026-06-03 Netherlands-None,2026-06-03,Friendlies (M),Wed,Away,W,1,0,Netherlands,0,0,0,,,,,,,,,0,20:45:00,/en/matches/3a9b1f58/Netherlands-Algeria-June-3-2026-Friendlies-M
,2026,,2026-06-03 None-Algeria,2026-06-03,Friendlies (M),Wed,Home,L,0,1,Algeria,0,0,0,,,,,,,,,0,20:45:00,/en/matches/3a9b1f58/Netherlands-Algeria-June-3-2026-Friendlies-M
,2026,,2026-06-03 None-Dominican Rep.,2026-06-03,Friendlies (M),Wed,Home,W,4,2,Dominican Rep.,1,0,0,,,,,,,,,0,19:45:00,/en/matches/514e0adb/Panama-Dominican-Republic-June-3-2026-Friendlies-M
,2026,,2026-06-04 France-None,2026-06-04,Friendlies (M),Thu,Away,W,2,1,France,1,0,0,,,,,,,,,0,21:10:00,/en/matches/bb6eae98/France-Cote-dIvoire-June-4-2026-Friendlies-M
,2026,,2026-06-04 Guatemala-Guatemala,2026-06-04,Friendlies (M),Thu,Neutral,W,3,1,Guatemala,0,0,0,,,,,,,,,0,20:00:00,/en/matches/28b9adef/Czechia-Guatemala-June-4-2026-Friendlies-M
,2026,,2026-06-04 None-Côte d'Ivoire,2026-06-04,Friendlies (M),Thu,Home,L,1,2,Côte d'Ivoire,0,0,0,,,,,,,,,0,21:10:00,/en/matches/bb6eae98/France-Cote-dIvoire-June-4-2026-Friendlies-M
,2026,,2026-06-04 None-Greece,2026-06-04,Friendlies (M),Thu,Home,D,2,2,Greece,0,0,0,,,,,,,,,0,19:00:00,/en/matches/5c0c667c/Sweden-Greece-June-4-2026-Friendlies-M
,2026,,2026-06-04 None-Iraq,2026-06-04,Friendlies (M),Thu,Home,D,1,1,Iraq,2,0,0,,,,,,,,,0,21:00:00,/en/matches/a66cbb41/Spain-Iraq-June-4-2026-Friendlies-M
,2026,,2026-06-04 None-Serbia,2026-06-04,Friendlies (M),Thu,Home,W,5,1,Serbia,2,0,0,,,,,,,,,0,20:00:00,/en/matches/d70087d8/Mexico-Serbia-June-4-2026-Friendlies-M
,2026,,2026-06-04 Spain-None,2026-06-04,Friendlies (M),Thu,Away,D,1,1,Spain,2,0,0,,,,,,,,,0,21:00:00,/en/matches/a66cbb41/Spain-Iraq-June-4-2026-Friendlies-M
,2026,,2026-06-05 None-Nicaragua,2026-06-05,Friendlies (M),Fri,Home,W,4,0,Nicaragua,0,0,0,,,,,,,,,0,18:45:00,/en/matches/8bdd53f6/Paraguay-Nicaragua-June-5-2026-Friendlies-M
,2026,,2026-06-05 None-Rep. of Ireland,2026-06-05,Friendlies (M),Fri,Home,D,1,1,Rep. of Ireland,3,0,0,,,,,,,,,0,19:30:00,/en/matches/626d8e5c/Canada-Republic-of-Ireland-June-5-2026-Friendlies-M
,2026,,2026-06-05 Peru-Peru,2026-06-05,Friendlies (M),Fri,Neutral,L,1,2,Peru,1,0,0,,,,,,,,,0,20:00:00,/en/matches/0d3b0471/Haiti-Peru-June-5-2026-Friendlies-M
,2026,,2026-06-05 Puerto Rico-Puerto Rico,2026-06-05,Friendlies (M),Fri,Neutral,W,3,0,Puerto Rico,0,0,0,,,,,,,,,0,18:00:00,/en/matches/b5a6373c/Saudi-Arabia-Puerto-Rico-June-5-2026-Friendlies-M
,2026,,2026-06-06 Australia-Australia,2026-06-06,Friendlies (M),Sat,Neutral,D,1,1,Australia,3,0,0,,,,,,,,,0,12:00:00,/en/matches/c0ebca40/Switzerland-Australia-June-6-2026-Friendlies-M
,2026,,2026-06-06 Belgium-None,2026-06-06,Friendlies (M),Sat,Away,L,0,5,Belgium,2,1,1,,,,,,,,,0,15:00:00,/en/matches/2c4d914e/Belgium-Tunisia-June-6-2026-Friendlies-M
,2026,,2026-06-06 Bermuda-Bermuda,2026-06-06,Friendlies (M),Sat,Neutral,W,3,0,Bermuda,1,0,0,,,,,,,,,0,16:00:00,/en/matches/d573e47f/Cabo-Verde-Bermuda-June-6-2026-Friendlies-M
,2026,,2026-06-06 Bolivia-Bolivia,2026-06-06,Friendlies (M),Sat,Neutral,W,4,0,Bolivia,1,0,0,,,,,,,,,0,16:00:00,/en/matches/e6994a35/Bolivia-Scotland-June-6-2026-Friendlies-M
,2026,,2026-06-06 Bosnia–Herz-Bosnia–Herz,2026-06-06,Friendlies (M),Sat,Neutral,D,1,1,Bosnia–Herz,1,0,0,,,,,,,,,0,14:00:00,/en/matches/eb60c047/Panama-Bosnia-and-Herzegovina-June-6-2026-Friendlies-M
,2026,,2026-06-06 Brazil-Brazil,2026-06-06,Friendlies (M),Sat,Neutral,L,1,2,Brazil,1,0,0,,,,,,,,,0,18:00:00,/en/matches/99803f08/Brazil-Egypt-June-6-2026-Friendlies-M
,2026,,2026-06-06 Egypt-Egypt,2026-06-06,Friendlies (M),Sat,Neutral,W,2,1,Egypt,1,0,0,,,,,,,,,0,18:00:00,/en/matches/99803f08/Brazil-Egypt-June-6-2026-Friendlies-M
,2026,,2026-06-06 El Salvador-El Salvador,2026-06-06,Friendlies (M),Sat,Neutral,D,0,0,El Salvador,1,0,0,,,,,,,,,0,13:00:00,/en/matches/64d48bd2/Qatar-El-Salvador-June-6-2026-Friendlies-M
,2026,,2026-06-06 England-England,2026-06-06,Friendlies (M),Sat,Neutral,L,0,1,England,0,0,0,,,,,,,,,0,16:00:00,/en/matches/d55979a1/England-New-Zealand-June-6-2026-Friendlies-M
,2026,,2026-06-06 Honduras-Honduras,2026-06-06,Friendlies (M),Sat,Neutral,W,2,0,Honduras,4,0,0,,,,,,,,,0,19:00:00,/en/matches/d86363fb/Argentina-Honduras-June-6-2026-Friendlies-M
,2026,,2026-06-06 New Zealand-New Zealand,2026-06-06,Friendlies (M),Sat,Neutral,W,1,0,New Zealand,0,0,0,,,,,,,,,0,16:00:00,/en/matches/d55979a1/England-New-Zealand-June-6-2026-Friendlies-M
,2026,,2026-06-06 None-Aruba,2026-06-06,Friendlies (M),Sat,Home,W,4,0,Aruba,2,0,0,,,,,,,,,0,20:00:00,/en/matches/fd91f0c5/Curacao-Aruba-June-6-2026-Friendlies-M
,2026,,2026-06-06 None-Chile,2026-06-06,Friendlies (M),Sat,Home,W,2,1,Chile,0,1,0,,,,,,,,,0,18:45:00,/en/matches/eb413f98/Portugal-Chile-June-6-2026-Friendlies-M
,2026,,2026-06-06 None-Germany,2026-06-06,Friendlies (M),Sat,Home,L,1,2,Germany,1,0,0,,,,,,,,,0,13:30:00,/en/matches/63052981/United-States-Germany-June-6-2026-Friendlies-M
,2026,,2026-06-06 None-Tunisia,2026-06-06,Friendlies (M),Sat,Home,W,5,0,Tunisia,2,0,0,,,,,,,,,0,15:00:00,/en/matches/2c4d914e/Belgium-Tunisia-June-6-2026-Friendlies-M
,2026,,2026-06-06 Panama-Panama,2026-06-06,Friendlies (M),Sat,Neutral,D,1,1,Panama,0,0,0,,,,,,,,,0,14:00:00,/en/matches/eb60c047/Panama-Bosnia-and-Herzegovina-June-6-2026-Friendlies-M
,2026,,2026-06-06 Switzerland-Switzerland,2026-06-06,Friendlies (M),Sat,Neutral,D,1,1,Switzerland,2,0,0,,,,,,,,,0,12:00:00,/en/matches/c0ebca40/Switzerland-Australia-June-6-2026-Friendlies-M
,2026,,2026-06-06 USA-None,2026-06-06,Friendlies (M),Sat,Away,W,2,1,USA,3,0,0,,,,,,,,,0,13:30:00,/en/matches/63052981/United-States-Germany-June-6-2026-Friendlies-M
,2026,,2026-06-06 Venezuela-Venezuela,2026-06-06,Friendlies (M),Sat,Neutral,W,2,1,Venezuela,1,0,0,,,,,,,,,0,18:00:00,/en/matches/84aba5c9/Turkiye-Venezuela-June-6-2026-Friendlies-M
,2026,,2026-06-07 Colombia-Colombia,2026-06-07,Friendlies (M),Sun,Neutral,L,0,2,Colombia,2,1,1,,,,,,,,,0,16:00:00,/en/matches/7e02a5ea/Colombia-Jordan-June-7-2026-Friendlies-M
,2026,,2026-06-07 Guatemala-Guatemala,2026-06-07,Friendlies (M),Sun,Neutral,W,3,0,Guatemala,3,0,0,,,,,,,,,0,16:15:00,/en/matches/d2056a5e/Ecuador-Guatemala-June-7-2026-Friendlies-M
,2026,,2026-06-07 Jordan-Jordan,2026-06-07,Friendlies (M),Sun,Neutral,W,2,0,Jordan,0,0,0,,,,,,,,,0,16:00:00,/en/matches/7e02a5ea/Colombia-Jordan-June-7-2026-Friendlies-M
,2026,,2026-06-07 Morocco-Morocco,2026-06-07,Friendlies (M),Sun,Neutral,D,1,1,Morocco,1,0,0,,,,,,,,,0,15:00:00,/en/matches/9120eced/Morocco-Norway-June-7-2026-Friendlies-M
,2026,,2026-06-07 None-Slovenia,2026-06-07,Friendlies (M),Sun,Home,W,2,1,Slovenia,0,0,0,,,,,,,,,0,20:45:00,/en/matches/6eb84a18/Croatia-Slovenia-June-7-2026-Friendlies-M
,2026,,2026-06-07 Norway-Norway,2026-06-07,Friendlies (M),Sun,Neutral,D,1,1,Norway,1,0,0,,,,,,,,,0,15:00:00,/en/matches/9120eced/Morocco-Norway-June-7-2026-Friendlies-M
,2026,,2026-06-08 Netherlands-Netherlands,2026-06-08,Friendlies (M),Mon,Neutral,L,1,2,Netherlands,1,0,0,,,,,,,,,0,14:45:00,/en/matches/45c04355/Netherlands-Uzbekistan-June-8-2026-Friendlies-M
,2026,,2026-06-08 None-Northern Ireland,2026-06-08,Friendlies (M),Mon,Home,W,3,1,Northern Ireland,0,0,0,,,,,,,,,0,21:10:00,/en/matches/1c84dae3/France-Northern-Ireland-June-8-2026-Friendlies-M
,2026,,2026-06-08 Peru-Peru,2026-06-08,Friendlies (M),Mon,Neutral,W,3,1,Peru,0,0,0,,,,,,,,,0,20:00:00,/en/matches/af602959/Peru-Spain-June-8-2026-Friendlies-M
,2026,,2026-06-08 Uzbekistan-Uzbekistan,2026-06-08,Friendlies (M),Mon,Neutral,W,2,1,Uzbekistan,1,1,0,,,,,,,,,0,14:45:00,/en/matches/45c04355/Netherlands-Uzbekistan-June-8-2026-Friendlies-M
,2026,,2026-06-09 Chile-Chile,2026-06-09,Friendlies (M),Tue,Neutral,L,1,2,Chile,0,0,0,,,,,,,,,0,18:00:00,/en/matches/18395dd7/Congo-DR-Chile-June-9-2026-Friendlies-M
,2026,,2026-06-09 Iceland-Iceland,2026-06-09,Friendlies (M),Tue,Neutral,W,3,0,Iceland,2,0,0,,,,,,,,,0,20:08:00,/en/matches/ae66e5f0/Argentina-Iceland-June-9-2026-Friendlies-M
,2026,,2026-06-09 Saudi Arabia-Saudi Arabia,2026-06-09,Friendlies (M),Tue,Neutral,D,0,0,Saudi Arabia,3,1,1,,,,,,,,,0,18:00:00,/en/matches/d67d0ca1/Saudi-Arabia-Senegal-June-9-2026-Friendlies-M
,2026,,2026-06-09 Senegal-Senegal,2026-06-09,Friendlies (M),Tue,Neutral,D,0,0,Senegal,3,0,0,,,,,,,,,0,18:00:00,/en/matches/d67d0ca1/Saudi-Arabia-Senegal-June-9-2026-Friendlies-M
,2026,,2026-06-09 Venezuela-Venezuela,2026-06-09,Friendlies (M),Tue,Neutral,L,0,2,Venezuela,1,1,0,,,,,,,,,0,20:00:00,/en/matches/4b89db92/Iraq-Venezuela-June-9-2026-Friendlies-M
,2026,,2026-06-10 Bolivia-Bolivia,2026-06-10,Friendlies (M),Wed,Neutral,W,4,0,Bolivia,2,0,0,,,,,,,,,0,19:00:00,/en/matches/0b890a7c/Bolivia-Algeria-June-10-2026-Friendlies-M
,2026,,2026-06-10 Costa Rica-Costa Rica,2026-06-10,Friendlies (M),Wed,Neutral,W,3,0,Costa Rica,0,0,0,,,,,,,,,0,17:00:00,/en/matches/87ca6dda/England-Costa-Rica-June-10-2026-Friendlies-M
,2026,,2026-06-10 None-Nigeria,2026-06-10,Friendlies (M),Wed,Home,W,2,1,Nigeria,2,0,0,,,,,,,,,0,20:45:00,/en/matches/e70e481e/Portugal-Nigeria-June-10-2026-Friendlies-M
,2026,,2026-06-11 Czechia-Czechia,2026-06-11,Group stage,Thu,Neutral,W,2,1,Czechia,1,0,0,9,16,2,12,11,4,,,0,20:00:00,/en/matches/beebb792/Korea-Republic-Czechia-June-11-2026-World-Cup
,2026,,2026-06-11 Korea Republic-Korea Republic,2026-06-11,Group stage,Thu,Neutral,L,1,2,Korea Republic,0,0,0,16,9,2,15,7,7,,,0,20:00:00,/en/matches/beebb792/Korea-Republic-Czechia-June-11-2026-World-Cup
,2026,,2026-06-11 Mexico-Mexico,2026-06-11,Group stage,Thu,Neutral,L,0,2,Mexico,2,2,0,11,11,1,8,7,7,,,0,13:00:00,/en/matches/3c1e3816/Mexico-South-Africa-June-11-2026-World-Cup
,2026,,2026-06-11 South Africa-South Africa,2026-06-11,Group stage,Thu,Neutral,W,2,0,South Africa,1,1,0,12,11,1,12,8,6,,,0,13:00:00,/en/matches/3c1e3816/Mexico-South-Africa-June-11-2026-World-Cup
,2026,,2026-06-12 Bosnia–Herz-Bosnia–Herz,2026-06-12,Group stage,Fri,Neutral,D,1,1,Bosnia–Herz,2,0,0,10,20,1,24,4,15,,,0,15:00:00,/en/matches/f6d2bd84/Canada-Bosnia-and-Herzegovina-June-12-2026-World-Cup
,2026,,2026-06-12 Canada-Canada,2026-06-12,Group stage,Fri,Neutral,D,1,1,Canada,3,0,0,20,10,0,10,10,13,,,0,15:00:00,/en/matches/f6d2bd84/Canada-Bosnia-and-Herzegovina-June-12-2026-World-Cup
,2026,,2026-06-12 Paraguay-Paraguay,2026-06-12,Group stage,Fri,Neutral,W,4,1,Paraguay,1,0,0,13,16,2,17,11,6,,,0,18:00:00,/en/matches/f6c0596c/United-States-Paraguay-June-12-2026-World-Cup
,2026,,2026-06-12 USA-USA,2026-06-12,Group stage,Fri,Neutral,L,1,4,USA,5,0,0,17,13,1,5,9,16,,,1,18:00:00,/en/matches/f6c0596c/United-States-Paraguay-June-12-2026-World-Cup
,2026,,2026-06-13 Australia-Australia,2026-06-13,Group stage,Sat,Neutral,L,0,2,Australia,1,0,0,4,12,3,26,4,7,,,0,21:00:00,/en/matches/4ff2342a/Australia-Turkiye-June-13-2026-World-Cup
,2026,,2026-06-13 Brazil-Brazil,2026-06-13,Group stage,Sat,Neutral,D,1,1,Brazil,0,0,0,14,16,1,15,4,18,,,0,18:00:00,/en/matches/72d993fd/Brazil-Morocco-June-13-2026-World-Cup
,2026,,2026-06-13 Haiti-Haiti,2026-06-13,Group stage,Sat,Neutral,W,1,0,Haiti,3,0,0,21,22,1,14,6,6,,,0,21:00:00,/en/matches/58c3106f/Haiti-Scotland-June-13-2026-World-Cup
,2026,,2026-06-13 Morocco-Morocco,2026-06-13,Group stage,Sat,Neutral,D,1,1,Morocco,2,0,0,16,14,0,16,5,12,,,0,18:00:00,/en/matches/72d993fd/Brazil-Morocco-June-13-2026-World-Cup
,2026,,2026-06-13 Qatar-Qatar,2026-06-13,Group stage,Sat,Neutral,D,1,1,Qatar,1,0,0,11,12,1,35,7,6,,,0,12:00:00,/en/matches/58580af9/Qatar-Switzerland-June-13-2026-World-Cup
,2026,,2026-06-13 Scotland-Scotland,2026-06-13,Group stage,Sat,Neutral,L,0,1,Scotland,1,0,0,23,21,3,23,6,7,,,0,21:00:00,/en/matches/58c3106f/Haiti-Scotland-June-13-2026-World-Cup
,2026,,2026-06-13 Switzerland-Switzerland,2026-06-13,Group stage,Sat,Neutral,D,1,1,Switzerland,2,0,0,12,11,0,8,10,9,,,0,12:00:00,/en/matches/58580af9/Qatar-Switzerland-June-13-2026-World-Cup
,2026,,2026-06-13 Türkiye-Türkiye,2026-06-13,Group stage,Sat,Neutral,W,2,0,Türkiye,0,0,0,12,4,1,14,6,5,,,0,21:00:00,/en/matches/4ff2342a/Australia-Turkiye-June-13-2026-World-Cup
,2026,,2026-06-14 Curaçao-Curaçao,2026-06-14,Group stage,Sun,Neutral,W,7,1,Curaçao,0,0,0,18,10,0,12,10,13,,,0,12:00:00,/en/matches/a2c54ed9/Germany-Curacao-June-14-2026-World-Cup
,2026,,2026-06-14 Côte d'Ivoire-Côte d'Ivoire,2026-06-14,Group stage,Sun,Neutral,L,0,1,Côte d'Ivoire,1,0,0,13,9,0,14,13,14,,,0,19:00:00,/en/matches/f8ee7eef/Cote-dIvoire-Ecuador-June-14-2026-World-Cup
,2026,,2026-06-14 Ecuador-Ecuador,2026-06-14,Group stage,Sun,Neutral,W,1,0,Ecuador,3,0,0,10,13,0,7,11,9,,,0,19:00:00,/en/matches/f8ee7eef/Cote-dIvoire-Ecuador-June-14-2026-World-Cup
,2026,,2026-06-14 Germany-Germany,2026-06-14,Group stage,Sun,Neutral,L,1,7,Germany,0,0,0,11,18,1,7,16,7,,,0,12:00:00,/en/matches/a2c54ed9/Germany-Curacao-June-14-2026-World-Cup
,2026,,2026-06-14 Japan-Japan,2026-06-14,Group stage,Sun,Neutral,D,2,2,Japan,3,0,0,7,6,1,21,7,5,,,0,15:00:00,/en/matches/faa0cb98/Netherlands-Japan-June-14-2026-World-Cup
,2026,,2026-06-14 Netherlands-Netherlands,2026-06-14,Group stage,Sun,Neutral,D,2,2,Netherlands,0,0,0,7,7,0,23,4,10,,,0,15:00:00,/en/matches/faa0cb98/Netherlands-Japan-June-14-2026-World-Cup
,2026,,2026-06-14 Sweden-Sweden,2026-06-14,Group stage,Sun,Neutral,L,1,5,Sweden,1,0,0,8,8,6,13,5,11,,,0,20:00:00,/en/matches/6df52cfd/Sweden-Tunisia-June-14-2026-World-Cup
,2026,,2026-06-14 Tunisia-Tunisia,2026-06-14,Group stage,Sun,Neutral,W,5,1,Tunisia,0,0,0,10,8,3,12,8,10,,,0,20:00:00,/en/matches/6df52cfd/Sweden-Tunisia-June-14-2026-World-Cup
,2026,,2026-06-15 Belgium-Belgium,2026-06-15,Group stage,Mon,Neutral,D,1,1,Belgium,2,0,0,15,14,1,13,12,17,,,1,12:00:00,/en/matches/5f18a385/Belgium-Egypt-June-15-2026-World-Cup
,2026,,2026-06-15 Cabo Verde-Cabo Verde,2026-06-15,Group stage,Mon,Neutral,D,0,0,Cabo Verde,1,0,0,10,1,2,36,6,12,,,0,12:00:00,/en/matches/c100284d/Spain-Cabo-Verde-June-15-2026-World-Cup
,2026,,2026-06-15 Egypt-Egypt,2026-06-15,Group stage,Mon,Neutral,D,1,1,Egypt,2,0,0,15,15,0,16,10,11,,,0,12:00:00,/en/matches/5f18a385/Belgium-Egypt-June-15-2026-World-Cup
,2026,,2026-06-15 IR Iran-IR Iran,2026-06-15,Group stage,Mon,Neutral,D,2,2,IR Iran,0,0,0,8,10,0,12,13,10,,,0,18:00:00,/en/matches/a039dc32/IR-Iran-New-Zealand-June-15-2026-World-Cup
,2026,,2026-06-15 New Zealand-New Zealand,2026-06-15,Group stage,Mon,Neutral,D,2,2,New Zealand,1,0,0,10,8,2,19,11,10,,,0,18:00:00,/en/matches/a039dc32/IR-Iran-New-Zealand-June-15-2026-World-Cup
,2026,,2026-06-15 Saudi Arabia-Saudi Arabia,2026-06-15,Group stage,Mon,Neutral,D,1,1,Saudi Arabia,0,0,0,6,11,6,47,10,2,,,0,18:00:00,/en/matches/82de5964/Saudi-Arabia-Uruguay-June-15-2026-World-Cup
,2026,,2026-06-15 Spain-Spain,2026-06-15,Group stage,Mon,Neutral,D,0,0,Spain,1,0,0,1,9,3,4,16,10,,,0,12:00:00,/en/matches/c100284d/Spain-Cabo-Verde-June-15-2026-World-Cup
,2026,,2026-06-15 Uruguay-Uruguay,2026-06-15,Group stage,Mon,Neutral,D,1,1,Uruguay,1,0,0,11,6,0,7,7,9,,,0,18:00:00,/en/matches/82de5964/Saudi-Arabia-Uruguay-June-15-2026-World-Cup
,2026,,2026-06-16 Algeria-Algeria,2026-06-16,Group stage,Tue,Neutral,W,3,0,Algeria,0,0,0,13,7,3,5,12,17,,,0,20:00:00,/en/matches/881ab666/Argentina-Algeria-June-16-2026-World-Cup
,2026,,2026-06-16 Argentina-Argentina,2026-06-16,Group stage,Tue,Neutral,L,0,3,Argentina,0,0,0,8,13,1,8,8,10,,,0,20:00:00,/en/matches/881ab666/Argentina-Algeria-June-16-2026-World-Cup
,2026,,2026-06-16 Austria-Austria,2026-06-16,Group stage,Tue,Neutral,L,1,3,Austria,0,0,0,7,9,1,15,12,7,,,1,21:00:00,/en/matches/140e19d9/Austria-Jordan-June-16-2026-World-Cup
,2026,,2026-06-16 France-France,2026-06-16,Group stage,Tue,Neutral,L,1,3,France,0,0,0,9,5,3,9,8,9,,,0,15:00:00,/en/matches/2712fac7/France-Senegal-June-16-2026-World-Cup
,2026,,2026-06-16 Iraq-Iraq,2026-06-16,Group stage,Tue,Neutral,W,4,1,Iraq,0,0,0,13,11,0,17,3,10,,,0,18:00:00,/en/matches/17eda16a/Iraq-Norway-June-16-2026-World-Cup
,2026,,2026-06-16 Jordan-Jordan,2026-06-16,Group stage,Tue,Neutral,W,3,1,Jordan,1,0,0,12,6,3,17,15,8,,,0,21:00:00,/en/matches/140e19d9/Austria-Jordan-June-16-2026-World-Cup
,2026,,2026-06-16 Norway-Norway,2026-06-16,Group stage,Tue,Neutral,L,1,4,Norway,1,0,0,12,13,1,13,5,13,,,1,18:00:00,/en/matches/17eda16a/Iraq-Norway-June-16-2026-World-Cup
,2026,,2026-06-16 Senegal-Senegal,2026-06-16,Group stage,Tue,Neutral,W,3,1,Senegal,0,0,0,5,8,1,9,7,14,,,0,15:00:00,/en/matches/2712fac7/France-Senegal-June-16-2026-World-Cup
,2026,,2026-06-17 Colombia-Colombia,2026-06-17,Group stage,Wed,Neutral,L,1,3,Colombia,1,0,0,14,10,0,13,7,7,,,0,20:00:00,/en/matches/3329959e/Uzbekistan-Colombia-June-17-2026-World-Cup
,2026,,2026-06-17 Congo DR-Congo DR,2026-06-17,Group stage,Wed,Neutral,D,1,1,Congo DR,3,0,0,9,9,3,23,2,6,,,0,12:00:00,/en/matches/c95830e9/Portugal-Congo-DR-June-17-2026-World-Cup
,2026,,2026-06-17 Croatia-Croatia,2026-06-17,Group stage,Wed,Neutral,W,4,2,Croatia,0,0,0,10,12,0,13,7,7,,,0,15:00:00,/en/matches/c42ce3be/England-Croatia-June-17-2026-World-Cup
,2026,,2026-06-17 England-England,2026-06-17,Group stage,Wed,Neutral,L,2,4,England,0,0,0,12,10,1,13,7,7,,,0,15:00:00,/en/matches/c42ce3be/England-Croatia-June-17-2026-World-Cup
,2026,,2026-06-17 Ghana-Ghana,2026-06-17,Group stage,Wed,Neutral,L,0,1,Ghana,2,0,0,11,9,1,21,5,11,,,0,19:00:00,/en/matches/9f71086a/Ghana-Panama-June-17-2026-World-Cup
,2026,,2026-06-17 Panama-Panama,2026-06-17,Group stage,Wed,Neutral,W,1,0,Panama,1,0,0,9,11,4,16,8,9,,,0,19:00:00,/en/matches/9f71086a/Ghana-Panama-June-17-2026-World-Cup
,2026,,2026-06-17 Portugal-Portugal,2026-06-17,Group stage,Wed,Neutral,D,1,1,Portugal,1,0,0,10,9,2,9,5,11,,,0,12:00:00,/en/matches/c95830e9/Portugal-Congo-DR-June-17-2026-World-Cup
,2026,,2026-06-17 Uzbekistan-Uzbekistan,2026-06-17,Group stage,Wed,Neutral,W,3,1,Uzbekistan,1,0,0,11,13,3,15,6,4,,,0,20:00:00,/en/matches/3329959e/Uzbekistan-Colombia-June-17-2026-World-Cup
,2026,,2026-06-18 Bosnia–Herz-Bosnia–Herz,2026-06-18,Group stage,Thu,Neutral,W,4,1,Bosnia–Herz,1,0,0,7,17,3,22,4,14,,,0,12:00:00,/en/matches/5134daab/Switzerland-Bosnia-and-Herzegovina-June-18-2026-World-Cup
,2026,,2026-06-18 Canada-Canada,2026-06-18,Group stage,Thu,Neutral,L,0,6,Canada,1,2,0,10,9,1,3,11,10,,,1,15:00:00,/en/matches/60dedabb/Canada-Qatar-June-18-2026-World-Cup
,2026,,2026-06-18 Czechia-Czechia,2026-06-18,Group stage,Thu,Neutral,D,1,1,Czechia,2,0,0,10,10,3,17,9,11,,,0,12:00:00,/en/matches/02f675d6/Czechia-South-Africa-June-18-2026-World-Cup
,2026,,2026-06-18 Korea Republic-Korea Republic,2026-06-18,Group stage,Thu,Neutral,W,1,0,Korea Republic,0,0,0,9,7,3,5,7,7,,,0,19:00:00,/en/matches/50a429da/Mexico-Korea-Republic-June-18-2026-World-Cup
,2026,,2026-06-18 Mexico-Mexico,2026-06-18,Group stage,Thu,Neutral,L,0,1,Mexico,2,0,0,7,8,6,9,5,10,,,0,19:00:00,/en/matches/50a429da/Mexico-Korea-Republic-June-18-2026-World-Cup
,2026,,2026-06-18 Qatar-Qatar,2026-06-18,Group stage,Thu,Neutral,W,6,0,Qatar,1,0,0,9,10,1,55,6,5,,,0,15:00:00,/en/matches/60dedabb/Canada-Qatar-June-18-2026-World-Cup
,2026,,2026-06-18 South Africa-South Africa,2026-06-18,Group stage,Thu,Neutral,D,1,1,South Africa,1,0,0,12,10,2,16,9,4,,,0,12:00:00,/en/matches/02f675d6/Czechia-South-Africa-June-18-2026-World-Cup
,2026,,2026-06-18 Switzerland-Switzerland,2026-06-18,Group stage,Thu,Neutral,L,1,4,Switzerland,2,1,0,18,7,1,12,12,3,,,0,12:00:00,/en/matches/5134daab/Switzerland-Bosnia-and-Herzegovina-June-18-2026-World-Cup
,2026,,2026-06-19 Australia-Australia,2026-06-19,Group stage,Fri,Neutral,W,2,0,Australia,3,0,0,12,15,1,14,21,9,,,0,12:00:00,/en/matches/580cb771/United-States-Australia-June-19-2026-World-Cup
,2026,,2026-06-19 Brazil-Brazil,2026-06-19,Group stage,Fri,Neutral,L,0,3,Brazil,3,0,0,14,13,4,11,9,10,,,0,20:30:00,/en/matches/48cce92a/Brazil-Haiti-June-19-2026-World-Cup
,2026,,2026-06-19 Haiti-Haiti,2026-06-19,Group stage,Fri,Neutral,W,3,0,Haiti,1,0,0,13,13,8,9,10,11,,,0,20:30:00,/en/matches/48cce92a/Brazil-Haiti-June-19-2026-World-Cup
,2026,,2026-06-19 Morocco-Morocco,2026-06-19,Group stage,Fri,Neutral,L,0,1,Morocco,1,0,0,11,7,1,13,9,12,,,0,18:00:00,/en/matches/2a469714/Scotland-Morocco-June-19-2026-World-Cup
,2026,,2026-06-19 Paraguay-Paraguay,2026-06-19,Group stage,Fri,Neutral,L,0,1,Paraguay,2,0,0,14,15,2,42,6,12,,,0,20:00:00,/en/matches/82209c60/Turkiye-Paraguay-June-19-2026-World-Cup
,2026,,2026-06-19 Scotland-Scotland,2026-06-19,Group stage,Fri,Neutral,W,1,0,Scotland,1,0,0,8,10,0,10,5,5,,,0,18:00:00,/en/matches/2a469714/Scotland-Morocco-June-19-2026-World-Cup
,2026,,2026-06-19 Türkiye-Türkiye,2026-06-19,Group stage,Fri,Neutral,W,1,0,Türkiye,1,1,0,15,13,3,6,9,15,,,0,20:00:00,/en/matches/82209c60/Turkiye-Paraguay-June-19-2026-World-Cup
,2026,,2026-06-19 USA-USA,2026-06-19,Group stage,Fri,Neutral,L,0,2,USA,4,0,0,16,11,0,19,7,10,,,1,12:00:00,/en/matches/580cb771/United-States-Australia-June-19-2026-World-Cup
,2026,,2026-06-20 Curaçao-Curaçao,2026-06-20,Group stage,Sat,Neutral,D,0,0,Curaçao,1,0,0,7,9,1,32,7,11,,,0,19:00:00,/en/matches/ca7eecdb/Ecuador-Curacao-June-20-2026-World-Cup
,2026,,2026-06-20 Côte d'Ivoire-Côte d'Ivoire,2026-06-20,Group stage,Sat,Neutral,W,2,1,Côte d'Ivoire,0,0,0,5,6,0,21,7,17,,,0,16:00:00,/en/matches/43fec9f3/Germany-Cote-dIvoire-June-20-2026-World-Cup
,2026,,2026-06-20 Ecuador-Ecuador,2026-06-20,Group stage,Sat,Neutral,D,0,0,Ecuador,5,0,0,10,7,2,1,8,7,,,0,19:00:00,/en/matches/ca7eecdb/Ecuador-Curacao-June-20-2026-World-Cup
,2026,,2026-06-20 Germany-Germany,2026-06-20,Group stage,Sat,Neutral,L,1,2,Germany,0,0,0,7,5,1,9,13,11,,,0,16:00:00,/en/matches/43fec9f3/Germany-Cote-dIvoire-June-20-2026-World-Cup
,2026,,2026-06-20 Japan-Japan,2026-06-20,Group stage,Sat,Neutral,L,0,4,Japan,0,0,0,8,15,1,10,14,16,,,0,22:00:00,/en/matches/27695f4a/Tunisia-Japan-June-20-2026-World-Cup
,2026,,2026-06-20 Netherlands-Netherlands,2026-06-20,Group stage,Sat,Neutral,L,1,5,Netherlands,3,0,0,12,9,3,21,6,9,,,0,12:00:00,/en/matches/816f4180/Netherlands-Sweden-June-20-2026-World-Cup
,2026,,2026-06-20 Sweden-Sweden,2026-06-20,Group stage,Sat,Neutral,W,5,1,Sweden,0,0,0,9,11,3,15,8,9,,,0,12:00:00,/en/matches/816f4180/Netherlands-Sweden-June-20-2026-World-Cup
,2026,,2026-06-20 Tunisia-Tunisia,2026-06-20,Group stage,Sat,Neutral,W,4,0,Tunisia,0,0,0,15,8,1,11,6,11,,,0,22:00:00,/en/matches/27695f4a/Tunisia-Japan-June-20-2026-World-Cup
,2026,,2026-06-21 Belgium-Belgium,2026-06-21,Group stage,Sun,Neutral,D,0,0,Belgium,1,0,0,9,5,4,8,13,10,,,0,12:00:00,/en/matches/c96f559b/Belgium-IR-Iran-June-21-2026-World-Cup
,2026,,2026-06-21 Cabo Verde-Cabo Verde,2026-06-21,Group stage,Sun,Neutral,D,2,2,Cabo Verde,2,0,0,11,4,3,29,8,8,,,0,18:00:00,/en/matches/bc0e570b/Uruguay-Cabo-Verde-June-21-2026-World-Cup
,2026,,2026-06-21 Egypt-Egypt,2026-06-21,Group stage,Sun,Neutral,L,1,3,Egypt,2,0,0,14,8,3,15,5,5,,,0,18:00:00,/en/matches/d5699a16/New-Zealand-Egypt-June-21-2026-World-Cup
,2026,,2026-06-21 IR Iran-IR Iran,2026-06-21,Group stage,Sun,Neutral,D,0,0,IR Iran,1,1,0,7,8,3,32,3,7,,,0,12:00:00,/en/matches/c96f559b/Belgium-IR-Iran-June-21-2026-World-Cup
,2026,,2026-06-21 New Zealand-New Zealand,2026-06-21,Group stage,Sun,Neutral,W,3,1,New Zealand,1,0,0,8,13,0,22,7,13,,,0,18:00:00,/en/matches/d5699a16/New-Zealand-Egypt-June-21-2026-World-Cup
,2026,,2026-06-21 Saudi Arabia-Saudi Arabia,2026-06-21,Group stage,Sun,Neutral,W,4,0,Saudi Arabia,0,0,0,10,1,2,25,16,8,,,0,12:00:00,/en/matches/0fcac1d8/Spain-Saudi-Arabia-June-21-2026-World-Cup
,2026,,2026-06-21 Spain-Spain,2026-06-21,Group stage,Sun,Neutral,L,0,4,Spain,2,0,0,2,10,3,5,12,12,,,1,12:00:00,/en/matches/0fcac1d8/Spain-Saudi-Arabia-June-21-2026-World-Cup
,2026,,2026-06-21 Uruguay-Uruguay,2026-06-21,Group stage,Sun,Neutral,D,2,2,Uruguay,2,0,0,4,11,0,7,13,15,,,0,18:00:00,/en/matches/bc0e570b/Uruguay-Cabo-Verde-June-21-2026-World-Cup
,2026,,2026-06-22 Algeria-Algeria,2026-06-22,Group stage,Mon,Neutral,L,1,2,Algeria,1,0,0,11,5,1,5,2,16,,,0,20:00:00,/en/matches/eb19002c/Jordan-Algeria-June-22-2026-World-Cup
,2026,,2026-06-22 Argentina-Argentina,2026-06-22,Group stage,Mon,Neutral,L,0,2,Argentina,2,0,0,13,12,0,16,9,9,,,0,12:00:00,/en/matches/e7d8a062/Argentina-Austria-June-22-2026-World-Cup
,2026,,2026-06-22 Austria-Austria,2026-06-22,Group stage,Mon,Neutral,W,2,0,Austria,2,0,0,13,12,2,4,8,11,,,0,12:00:00,/en/matches/e7d8a062/Argentina-Austria-June-22-2026-World-Cup
,2026,,2026-06-22 France-France,2026-06-22,Group stage,Mon,Neutral,L,0,3,France,1,0,0,4,8,0,9,11,9,,,0,17:00:00,/en/matches/31f1f241/France-Iraq-June-22-2026-World-Cup
,2026,,2026-06-22 Iraq-Iraq,2026-06-22,Group stage,Mon,Neutral,W,3,0,Iraq,0,0,0,8,4,1,14,5,9,,,0,17:00:00,/en/matches/31f1f241/France-Iraq-June-22-2026-World-Cup
,2026,,2026-06-22 Jordan-Jordan,2026-06-22,Group stage,Mon,Neutral,W,2,1,Jordan,1,0,0,6,11,0,21,10,18,,,0,20:00:00,/en/matches/eb19002c/Jordan-Algeria-June-22-2026-World-Cup
,2026,,2026-06-22 Norway-Norway,2026-06-22,Group stage,Mon,Neutral,L,2,3,Norway,0,0,0,5,13,4,23,10,7,,,0,20:00:00,/en/matches/7382111b/Norway-Senegal-June-22-2026-World-Cup
,2026,,2026-06-22 Senegal-Senegal,2026-06-22,Group stage,Mon,Neutral,W,3,2,Senegal,0,0,0,13,4,0,10,8,11,,,0,20:00:00,/en/matches/7382111b/Norway-Senegal-June-22-2026-World-Cup
,2026,,2026-06-23 Colombia-Colombia,2026-06-23,Group stage,Tue,Neutral,L,0,1,Colombia,1,0,0,16,11,0,14,7,10,,,0,20:00:00,/en/matches/f2e8741b/Colombia-Congo-DR-June-23-2026-World-Cup
,2026,,2026-06-23 Congo DR-Congo DR,2026-06-23,Group stage,Tue,Neutral,W,1,0,Congo DR,2,0,0,12,15,7,12,10,6,,,0,20:00:00,/en/matches/f2e8741b/Colombia-Congo-DR-June-23-2026-World-Cup
,2026,,2026-06-23 Croatia-Croatia,2026-06-23,Group stage,Tue,Neutral,L,0,1,Croatia,1,0,0,19,12,1,29,4,5,,,0,19:00:00,/en/matches/28a6d770/Panama-Croatia-June-23-2026-World-Cup
,2026,,2026-06-23 England-England,2026-06-23,Group stage,Tue,Neutral,D,0,0,England,1,0,0,24,13,2,5,8,17,,,0,16:00:00,/en/matches/3dac8725/England-Ghana-June-23-2026-World-Cup
,2026,,2026-06-23 Ghana-Ghana,2026-06-23,Group stage,Tue,Neutral,D,0,0,Ghana,1,0,0,14,24,2,30,1,7,,,0,16:00:00,/en/matches/3dac8725/England-Ghana-June-23-2026-World-Cup
,2026,,2026-06-23 Panama-Panama,2026-06-23,Group stage,Tue,Neutral,W,1,0,Panama,1,0,0,12,18,2,17,5,6,,,0,19:00:00,/en/matches/28a6d770/Panama-Croatia-June-23-2026-World-Cup
,2026,,2026-06-23 Portugal-Portugal,2026-06-23,Group stage,Tue,Neutral,L,0,5,Portugal,1,0,0,15,13,2,8,14,14,,,1,12:00:00,/en/matches/904bbbdc/Portugal-Uzbekistan-June-23-2026-World-Cup
,2026,,2026-06-23 Uzbekistan-Uzbekistan,2026-06-23,Group stage,Tue,Neutral,W,5,0,Uzbekistan,1,0,0,14,15,2,22,5,11,,,0,12:00:00,/en/matches/904bbbdc/Portugal-Uzbekistan-June-23-2026-World-Cup
,2026,,2026-06-24 Bosnia–Herz-Bosnia–Herz,2026-06-24,Group stage,Wed,Neutral,L,1,3,Bosnia–Herz,1,0,0,14,8,3,17,4,5,,,1,12:00:00,/en/matches/a59cb59d/Bosnia-and-Herzegovina-Qatar-June-24-2026-World-Cup
,2026,,2026-06-24 Brazil-Brazil,2026-06-24,Group stage,Wed,Neutral,L,0,3,Brazil,1,0,0,10,10,0,23,2,7,,,0,18:00:00,/en/matches/0ef71ab6/Scotland-Brazil-June-24-2026-World-Cup
,2026,,2026-06-24 Canada-Canada,2026-06-24,Group stage,Wed,Neutral,W,2,1,Canada,1,0,0,19,13,1,6,5,7,,,0,12:00:00,/en/matches/199a57aa/Switzerland-Canada-June-24-2026-World-Cup
,2026,,2026-06-24 Czechia-Czechia,2026-06-24,Group stage,Wed,Neutral,W,3,0,Czechia,1,0,0,13,9,0,13,7,8,,,0,19:00:00,/en/matches/f26b468c/Czechia-Mexico-June-24-2026-World-Cup
,2026,,2026-06-24 Haiti-Haiti,2026-06-24,Group stage,Wed,Neutral,W,4,2,Haiti,0,0,0,10,18,5,22,7,9,,,1,18:00:00,/en/matches/2307866a/Morocco-Haiti-June-24-2026-World-Cup
,2026,,2026-06-24 Korea Republic-Korea Republic,2026-06-24,Group stage,Wed,Neutral,W,1,0,Korea Republic,1,0,0,7,9,3,8,15,6,,,0,19:00:00,/en/matches/311661a5/South-Africa-Korea-Republic-June-24-2026-World-Cup
,2026,,2026-06-24 Mexico-Mexico,2026-06-24,Group stage,Wed,Neutral,L,0,3,Mexico,0,0,0,9,12,1,26,3,8,,,0,19:00:00,/en/matches/f26b468c/Czechia-Mexico-June-24-2026-World-Cup
,2026,,2026-06-24 Morocco-Morocco,2026-06-24,Group stage,Wed,Neutral,L,2,4,Morocco,3,0,0,18,10,0,3,14,11,,,0,18:00:00,/en/matches/2307866a/Morocco-Haiti-June-24-2026-World-Cup
,2026,,2026-06-24 Qatar-Qatar,2026-06-24,Group stage,Wed,Neutral,W,3,1,Qatar,1,0,0,9,14,1,22,4,9,,,0,12:00:00,/en/matches/a59cb59d/Bosnia-and-Herzegovina-Qatar-June-24-2026-World-Cup
,2026,,2026-06-24 Scotland-Scotland,2026-06-24,Group stage,Wed,Neutral,W,3,0,Scotland,2,0,0,11,10,1,12,13,6,,,0,18:00:00,/en/matches/0ef71ab6/Scotland-Brazil-June-24-2026-World-Cup
,2026,,2026-06-24 South Africa-South Africa,2026-06-24,Group stage,Wed,Neutral,L,0,1,South Africa,1,0,0,9,7,0,33,4,9,,,0,19:00:00,/en/matches/311661a5/South-Africa-Korea-Republic-June-24-2026-World-Cup
,2026,,2026-06-24 Switzerland-Switzerland,2026-06-24,Group stage,Wed,Neutral,L,1,2,Switzerland,2,0,0,13,19,3,26,13,6,,,0,12:00:00,/en/matches/199a57aa/Switzerland-Canada-June-24-2026-World-Cup
,2026,,2026-06-25 Australia-Australia,2026-06-25,Group stage,Thu,Neutral,D,0,0,Australia,1,0,0,9,6,0,7,8,16,,,0,19:00:00,/en/matches/c8fa19f5/Paraguay-Australia-June-25-2026-World-Cup
,2026,,2026-06-25 Curaçao-Curaçao,2026-06-25,Group stage,Thu,Neutral,W,2,0,Curaçao,1,0,0,6,11,1,16,12,10,,,0,16:00:00,/en/matches/89835aff/Curacao-Cote-dIvoire-June-25-2026-World-Cup
,2026,,2026-06-25 Côte d'Ivoire-Côte d'Ivoire,2026-06-25,Group stage,Thu,Neutral,L,0,2,Côte d'Ivoire,2,0,0,11,6,2,15,15,12,,,0,16:00:00,/en/matches/89835aff/Curacao-Cote-dIvoire-June-25-2026-World-Cup
,2026,,2026-06-25 Ecuador-Ecuador,2026-06-25,Group stage,Thu,Neutral,L,1,2,Ecuador,1,0,0,10,14,,16,4,13,,,0,16:00:00,/en/matches/cc4ebc5b/Ecuador-Germany-June-25-2026-World-Cup
,2026,,2026-06-25 Germany-Germany,2026-06-25,Group stage,Thu,Neutral,W,2,1,Germany,3,0,0,15,10,,12,12,16,,,0,16:00:00,/en/matches/cc4ebc5b/Ecuador-Germany-June-25-2026-World-Cup
,2026,,2026-06-25 Japan-Japan,2026-06-25,Group stage,Thu,Neutral,D,1,1,Japan,2,0,0,11,19,2,16,5,3,,,0,18:00:00,/en/matches/994aa701/Japan-Sweden-June-25-2026-World-Cup
,2026,,2026-06-25 Netherlands-Netherlands,2026-06-25,Group stage,Thu,Neutral,L,1,3,Netherlands,0,0,0,11,9,2,13,8,9,,,1,18:00:00,/en/matches/63b14e23/Tunisia-Netherlands-June-25-2026-World-Cup
,2026,,2026-06-25 Paraguay-Paraguay,2026-06-25,Group stage,Thu,Neutral,D,0,0,Paraguay,1,0,0,6,9,0,13,7,12,,,0,19:00:00,/en/matches/c8fa19f5/Paraguay-Australia-June-25-2026-World-Cup
,2026,,2026-06-25 Sweden-Sweden,2026-06-25,Group stage,Thu,Neutral,D,1,1,Sweden,1,0,0,20,11,3,13,4,7,,,0,18:00:00,/en/matches/994aa701/Japan-Sweden-June-25-2026-World-Cup
,2026,,2026-06-25 Tunisia-Tunisia,2026-06-25,Group stage,Thu,Neutral,W,3,1,Tunisia,0,0,0,10,11,1,28,10,4,,,0,18:00:00,/en/matches/63b14e23/Tunisia-Netherlands-June-25-2026-World-Cup
,2026,,2026-06-25 Türkiye-Türkiye,2026-06-25,Group stage,Thu,Neutral,L,2,3,Türkiye,1,0,0,13,13,5,18,11,9,,,0,19:00:00,/en/matches/358fd0fc/Turkiye-United-States-June-25-2026-World-Cup
,2026,,2026-06-25 USA-USA,2026-06-25,Group stage,Thu,Neutral,W,3,2,USA,0,0,0,13,11,2,11,8,20,,,0,19:00:00,/en/matches/358fd0fc/Turkiye-United-States-June-25-2026-World-Cup
,2026,,2026-06-26 Belgium-Belgium,2026-06-26,Group stage,Fri,Neutral,L,1,5,Belgium,2,0,0,10,6,1,17,6,6,,,0,20:00:00,/en/matches/f527457d/New-Zealand-Belgium-June-26-2026-World-Cup
,2026,,2026-06-26 Cabo Verde-Cabo Verde,2026-06-26,Group stage,Fri,Neutral,D,0,0,Cabo Verde,3,0,0,16,10,0,10,10,15,,,0,19:00:00,/en/matches/8d6d70b6/Cabo-Verde-Saudi-Arabia-June-26-2026-World-Cup
,2026,,2026-06-26 Egypt-Egypt,2026-06-26,Group stage,Fri,Neutral,D,1,1,Egypt,4,0,0,16,10,3,10,8,16,,,0,20:00:00,/en/matches/acc93b55/Egypt-IR-Iran-June-26-2026-World-Cup
,2026,,2026-06-26 France-France,2026-06-26,Group stage,Fri,Neutral,L,1,4,France,1,0,0,9,10,1,9,13,12,,,0,15:00:00,/en/matches/1bcdcfc8/Norway-France-June-26-2026-World-Cup
,2026,,2026-06-26 IR Iran-IR Iran,2026-06-26,Group stage,Fri,Neutral,D,1,1,IR Iran,3,0,0,11,15,0,15,7,10,,,0,20:00:00,/en/matches/acc93b55/Egypt-IR-Iran-June-26-2026-World-Cup
,2026,,2026-06-26 Iraq-Iraq,2026-06-26,Group stage,Fri,Neutral,W,5,0,Iraq,2,0,0,10,10,1,25,2,9,,,0,15:00:00,/en/matches/583c1910/Senegal-Iraq-June-26-2026-World-Cup
,2026,,2026-06-26 New Zealand-New Zealand,2026-06-26,Group stage,Fri,Neutral,W,5,1,New Zealand,0,0,0,7,10,1,16,10,8,,,0,20:00:00,/en/matches/f527457d/New-Zealand-Belgium-June-26-2026-World-Cup
,2026,,2026-06-26 Norway-Norway,2026-06-26,Group stage,Fri,Neutral,W,4,1,Norway,1,0,0,11,8,2,9,11,13,,,0,15:00:00,/en/matches/1bcdcfc8/Norway-France-June-26-2026-World-Cup
,2026,,2026-06-26 Saudi Arabia-Saudi Arabia,2026-06-26,Group stage,Fri,Neutral,D,0,0,Saudi Arabia,1,0,0,10,15,2,18,13,12,,,0,19:00:00,/en/matches/8d6d70b6/Cabo-Verde-Saudi-Arabia-June-26-2026-World-Cup
,2026,,2026-06-26 Senegal-Senegal,2026-06-26,Group stage,Fri,Neutral,L,0,5,Senegal,2,1,0,11,10,0,6,7,13,,,0,15:00:00,/en/matches/583c1910/Senegal-Iraq-June-26-2026-World-Cup
,2026,,2026-06-26 Spain-Spain,2026-06-26,Group stage,Fri,Neutral,L,0,1,Spain,3,1,0,14,14,5,16,14,15,,,0,18:00:00,/en/matches/48dd64d5/Uruguay-Spain-June-26-2026-World-Cup
,2026,,2026-06-26 Uruguay-Uruguay,2026-06-26,Group stage,Fri,Neutral,W,1,0,Uruguay,1,0,0,14,13,2,12,9,10,,,0,18:00:00,/en/matches/48dd64d5/Uruguay-Spain-June-26-2026-World-Cup
,2026,,2026-06-27 Algeria-Algeria,2026-06-27,Group stage,Sat,Neutral,D,3,3,Algeria,1,0,0,7,3,3,13,10,4,,,0,21:00:00,/en/matches/79a8f8c8/Algeria-Austria-June-27-2026-World-Cup
,2026,,2026-06-27 Argentina-Argentina,2026-06-27,Group stage,Sat,Neutral,L,1,3,Argentina,3,0,0,13,7,1,7,19,8,,,0,21:00:00,/en/matches/5ec98037/Jordan-Argentina-June-27-2026-World-Cup
,2026,,2026-06-27 Austria-Austria,2026-06-27,Group stage,Sat,Neutral,D,3,3,Austria,0,0,0,3,6,1,5,3,6,,,0,21:00:00,/en/matches/79a8f8c8/Algeria-Austria-June-27-2026-World-Cup
,2026,,2026-06-27 Colombia-Colombia,2026-06-27,Group stage,Sat,Neutral,D,0,0,Colombia,0,0,0,6,12,2,14,11,4,,,0,19:30:00,/en/matches/ded93e98/Colombia-Portugal-June-27-2026-World-Cup
,2026,,2026-06-27 Congo DR-Congo DR,2026-06-27,Group stage,Sat,Neutral,L,1,3,Congo DR,2,0,0,16,6,1,16,12,18,,,0,19:30:00,/en/matches/6287f9c7/Congo-DR-Uzbekistan-June-27-2026-World-Cup
,2026,,2026-06-27 Croatia-Croatia,2026-06-27,Group stage,Sat,Neutral,L,1,2,Croatia,1,0,0,13,9,2,12,10,7,,,0,17:00:00,/en/matches/a051b2ea/Croatia-Ghana-June-27-2026-World-Cup
,2026,,2026-06-27 England-England,2026-06-27,Group stage,Sat,Neutral,L,0,2,England,2,0,0,16,12,4,9,6,11,,,0,17:00:00,/en/matches/d7e30dec/Panama-England-June-27-2026-World-Cup
,2026,,2026-06-27 Ghana-Ghana,2026-06-27,Group stage,Sat,Neutral,W,2,1,Ghana,1,0,0,9,13,1,15,4,8,,,0,17:00:00,/en/matches/a051b2ea/Croatia-Ghana-June-27-2026-World-Cup
,2026,,2026-06-27 Jordan-Jordan,2026-06-27,Group stage,Sat,Neutral,W,3,1,Jordan,0,0,0,7,12,3,5,12,5,,,0,21:00:00,/en/matches/5ec98037/Jordan-Argentina-June-27-2026-World-Cup
,2026,,2026-06-27 Panama-Panama,2026-06-27,Group stage,Sat,Neutral,W,2,0,Panama,1,0,0,13,16,4,25,5,17,,,0,17:00:00,/en/matches/d7e30dec/Panama-England-June-27-2026-World-Cup
,2026,,2026-06-27 Portugal-Portugal,2026-06-27,Group stage,Sat,Neutral,D,0,0,Portugal,1,0,0,12,6,3,10,5,8,,,0,19:30:00,/en/matches/ded93e98/Colombia-Portugal-June-27-2026-World-Cup
,2026,,2026-06-27 Uzbekistan-Uzbekistan,2026-06-27,Group stage,Sat,Neutral,W,3,1,Uzbekistan,3,0,0,6,15,3,21,7,13,,,0,19:30:00,/en/matches/6287f9c7/Congo-DR-Uzbekistan-June-27-2026-World-Cup
,2026,,2026-06-28 Canada-Canada,2026-06-28,Round of 32,Sun,Neutral,L,0,1,Canada,0,0,0,10,16,1,8,16,14,,,0,12:00:00,/en/matches/c4104726/South-Africa-Canada-June-28-2026-World-Cup
,2026,,2026-06-28 South Africa-South Africa,2026-06-28,Round of 32,Sun,Neutral,W,1,0,South Africa,2,0,0,16,10,0,12,8,15,,,0,12:00:00,/en/matches/c4104726/South-Africa-Canada-June-28-2026-World-Cup
,2026,,2026-06-29 Brazil-Brazil,2026-06-29,Round of 32,Mon,Neutral,L,1,2,Brazil,3,0,0,13,4,0,10,5,4,,,0,12:00:00,/en/matches/58289f35/Brazil-Japan-June-29-2026-World-Cup
,2026,,2026-06-29 Germany-Germany,2026-06-29,Round of 32,Mon,Neutral,D,1 (4),1 (3),Germany,3,0,0,12,17,1,21,13,21,,,0,16:30:00,/en/matches/89da405b/Germany-Paraguay-June-29-2026-World-Cup
,2026,,2026-06-29 Japan-Japan,2026-06-29,Round of 32,Mon,Neutral,W,2,1,Japan,2,0,0,4,10,1,40,9,8,,,0,12:00:00,/en/matches/58289f35/Brazil-Japan-June-29-2026-World-Cup
,2026,,2026-06-29 Morocco-Morocco,2026-06-29,Round of 32,Mon,Neutral,D,1 (2),1 (3),Morocco,0,0,0,18,15,3,10,11,9,,,0,19:00:00,/en/matches/bebca560/Netherlands-Morocco-June-29-2026-World-Cup
,2026,,2026-06-29 Netherlands-Netherlands,2026-06-29,Round of 32,Mon,Neutral,D,1 (3),1 (2),Netherlands,1,0,0,15,15,0,18,10,14,,,0,19:00:00,/en/matches/bebca560/Netherlands-Morocco-June-29-2026-World-Cup
,2026,,2026-06-29 Paraguay-Paraguay,2026-06-29,Round of 32,Mon,Neutral,D,1 (3),1 (4),Paraguay,3,0,0,18,12,4,56,4,10,,,0,16:30:00,/en/matches/89da405b/Germany-Paraguay-June-29-2026-World-Cup
,2026,,2026-06-30 Côte d'Ivoire-Côte d'Ivoire,2026-06-30,Round of 32,Tue,Neutral,W,2,1,Côte d'Ivoire,1,0,0,7,4,2,10,6,11,,,0,12:00:00,/en/matches/d280258e/Cote-dIvoire-Norway-June-30-2026-World-Cup
,2026,,2026-06-30 Ecuador-Ecuador,2026-06-30,Round of 32,Tue,Neutral,W,2,0,Ecuador,0,0,0,10,14,0,7,7,5,,,0,20:00:00,/en/matches/5eca3d3a/Mexico-Ecuador-June-30-2026-World-Cup
,2026,,2026-06-30 France-France,2026-06-30,Round of 32,Tue,Neutral,L,0,3,France,0,0,0,10,13,1,10,12,8,,,0,17:00:00,/en/matches/da47849b/France-Sweden-June-30-2026-World-Cup
,2026,,2026-06-30 Mexico-Mexico,2026-06-30,Round of 32,Tue,Neutral,L,0,2,Mexico,3,1,0,14,10,1,25,6,8,,,0,20:00:00,/en/matches/5eca3d3a/Mexico-Ecuador-June-30-2026-World-Cup
,2026,,2026-06-30 Norway-Norway,2026-06-30,Round of 32,Tue,Neutral,L,1,2,Norway,0,0,0,6,7,2,29,4,18,,,0,12:00:00,/en/matches/d280258e/Cote-dIvoire-Norway-June-30-2026-World-Cup
,2026,,2026-06-30 Sweden-Sweden,2026-06-30,Round of 32,Tue,Neutral,W,3,0,Sweden,0,0,0,14,9,3,16,5,7,,,0,17:00:00,/en/matches/da47849b/France-Sweden-June-30-2026-World-Cup
,2026,,2026-07-01 Belgium-Belgium,2026-07-01,Round of 32,Wed,Neutral,L,2,3,Belgium,1,0,0,12,20,2,22,11,4,,,0,13:00:00,/en/matches/cf968279/Belgium-Senegal-July-1-2026-World-Cup
,2026,,2026-07-01 Bosnia–Herz-Bosnia–Herz,2026-07-01,Round of 32,Wed,Neutral,W,2,0,Bosnia–Herz,0,1,0,7,13,3,14,8,8,,,0,17:00:00,/en/matches/89aea7f3/United-States-Bosnia-and-Herzegovina-July-1-2026-World-Cup
,2026,,2026-07-01 Congo DR-Congo DR,2026-07-01,Round of 32,Wed,Neutral,W,2,1,Congo DR,1,0,0,10,12,0,43,7,7,,,0,12:00:00,/en/matches/520a5665/England-Congo-DR-July-1-2026-World-Cup
,2026,,2026-07-01 England-England,2026-07-01,Round of 32,Wed,Neutral,L,1,2,England,1,0,0,12,10,4,13,3,7,,,0,12:00:00,/en/matches/520a5665/England-Congo-DR-July-1-2026-World-Cup
,2026,,2026-07-01 Senegal-Senegal,2026-07-01,Round of 32,Wed,Neutral,W,3,2,Senegal,2,0,0,22,12,2,26,8,4,,,0,13:00:00,/en/matches/cf968279/Belgium-Senegal-July-1-2026-World-Cup
,2026,,2026-07-01 USA-USA,2026-07-01,Round of 32,Wed,Neutral,L,0,2,USA,2,0,0,13,7,0,13,8,12,,,0,17:00:00,/en/matches/89aea7f3/United-States-Bosnia-and-Herzegovina-July-1-2026-World-Cup
,2026,,2026-07-02 Algeria-Algeria,2026-07-02,Round of 32,Thu,Neutral,W,2,0,Algeria,0,0,0,10,12,0,14,17,13,,,0,20:00:00,/en/matches/b2f307a9/Switzerland-Algeria-July-2-2026-World-Cup
,2026,,2026-07-02 Austria-Austria,2026-07-02,Round of 32,Thu,Neutral,W,3,0,Austria,0,0,0,8,15,2,22,6,13,,,0,12:00:00,/en/matches/288fba4d/Spain-Austria-July-2-2026-World-Cup
,2026,,2026-07-02 Croatia-Croatia,2026-07-02,Round of 32,Thu,Neutral,W,2,1,Croatia,1,0,0,6,12,1,20,5,9,,,0,19:00:00,/en/matches/87717b95/Portugal-Croatia-July-2-2026-World-Cup
,2026,,2026-07-02 Portugal-Portugal,2026-07-02,Round of 32,Thu,Neutral,L,1,2,Portugal,2,0,0,12,6,4,22,9,11,,,0,19:00:00,/en/matches/87717b95/Portugal-Croatia-July-2-2026-World-Cup
,2026,,2026-07-02 Spain-Spain,2026-07-02,Round of 32,Thu,Neutral,L,0,3,Spain,1,0,0,15,7,5,13,7,8,,,0,12:00:00,/en/matches/288fba4d/Spain-Austria-July-2-2026-World-Cup
,2026,,2026-07-02 Switzerland-Switzerland,2026-07-02,Round of 32,Thu,Neutral,L,0,2,Switzerland,2,0,0,12,10,2,6,9,10,,,0,20:00:00,/en/matches/b2f307a9/Switzerland-Algeria-July-2-2026-World-Cup
,2026,,2026-07-03 Argentina-Argentina,2026-07-03,Round of 32,Fri,Neutral,L,2,3,Argentina,1,0,0,12,12,2,21,10,8,,,1,18:00:00,/en/matches/675b328b/Argentina-Cabo-Verde-July-3-2026-World-Cup
,2026,,2026-07-03 Australia-Australia,2026-07-03,Round of 32,Fri,Neutral,D,1 (4),1 (2),Australia,2,0,0,14,12,3,24,8,6,,,1,13:00:00,/en/matches/3ccca695/Australia-Egypt-July-3-2026-World-Cup
,2026,,2026-07-03 Cabo Verde-Cabo Verde,2026-07-03,Round of 32,Fri,Neutral,W,3,2,Cabo Verde,1,0,0,13,12,3,15,9,13,,,0,18:00:00,/en/matches/675b328b/Argentina-Cabo-Verde-July-3-2026-World-Cup
,2026,,2026-07-03 Colombia-Colombia,2026-07-03,Round of 32,Fri,Neutral,L,0,1,Colombia,3,0,0,10,14,0,15,5,7,,,0,20:30:00,/en/matches/d4ac0040/Colombia-Ghana-July-3-2026-World-Cup
,2026,,2026-07-03 Egypt-Egypt,2026-07-03,Round of 32,Fri,Neutral,D,1 (2),1 (4),Egypt,0,0,0,12,14,0,24,9,7,,,0,13:00:00,/en/matches/3ccca695/Australia-Egypt-July-3-2026-World-Cup
,2026,,2026-07-03 Ghana-Ghana,2026-07-03,Round of 32,Fri,Neutral,W,1,0,Ghana,2,0,0,14,10,2,15,5,8,,,0,20:30:00,/en/matches/d4ac0040/Colombia-Ghana-July-3-2026-World-Cup
,2026,,2026-07-04 Canada-Canada,2026-07-04,Round of 16,Sat,Neutral,W,3,0,Canada,4,0,0,14,23,3,5,8,9,,,0,12:00:00,/en/matches/b709bfa1/Canada-Morocco-July-4-2026-World-Cup
,2026,,2026-07-04 France-France,2026-07-04,Round of 16,Sat,Neutral,L,0,1,France,0,0,0,13,11,0,4,14,20,,,0,17:00:00,/en/matches/8ad9833e/Paraguay-France-July-4-2026-World-Cup
,2026,,2026-07-04 Morocco-Morocco,2026-07-04,Round of 16,Sat,Neutral,L,0,3,Morocco,4,0,0,24,14,2,29,5,10,,,0,12:00:00,/en/matches/b709bfa1/Canada-Morocco-July-4-2026-World-Cup
,2026,,2026-07-04 Paraguay-Paraguay,2026-07-04,Round of 16,Sat,Neutral,W,1,0,Paraguay,3,0,0,11,13,0,23,10,8,,,0,17:00:00,/en/matches/8ad9833e/Paraguay-France-July-4-2026-World-Cup
,2026,,2026-07-05 Brazil-Brazil,2026-07-05,Round of 16,Sun,Neutral,W,2,1,Brazil,0,0,0,6,6,1,13,6,11,,,0,16:00:00,/en/matches/dabafdc1/Brazil-Norway-July-5-2026-World-Cup
,2026,,2026-07-05 England-England,2026-07-05,Round of 16,Sun,Neutral,L,2,3,England,2,0,0,14,6,1,49,7,6,,,0,19:00:00,/en/matches/3ed2ad56/Mexico-England-July-5-2026-World-Cup
,2026,,2026-07-05 Mexico-Mexico,2026-07-05,Round of 16,Sun,Neutral,W,3,2,Mexico,4,1,0,7,13,0,4,4,9,,,0,19:00:00,/en/matches/3ed2ad56/Mexico-England-July-5-2026-World-Cup
,2026,,2026-07-05 Norway-Norway,2026-07-05,Round of 16,Sun,Neutral,L,1,2,Norway,1,0,0,7,6,1,16,11,9,,,0,16:00:00,/en/matches/dabafdc1/Brazil-Norway-July-5-2026-World-Cup
,2026,,2026-07-06 Belgium-Belgium,2026-07-06,Round of 16,Mon,Neutral,L,1,4,Belgium,2,0,0,11,9,0,11,9,10,,,0,17:00:00,/en/matches/ac3ca9ea/United-States-Belgium-July-6-2026-World-Cup
,2026,,2026-07-06 Portugal-Portugal,2026-07-06,Round of 16,Mon,Neutral,W,1,0,Portugal,1,0,0,13,8,1,16,5,15,,,0,14:00:00,/en/matches/fe9daeb3/Portugal-Spain-July-6-2026-World-Cup
,2026,,2026-07-06 Spain-Spain,2026-07-06,Round of 16,Mon,Neutral,L,0,1,Spain,2,0,0,9,12,2,13,7,9,,,0,14:00:00,/en/matches/fe9daeb3/Portugal-Spain-July-6-2026-World-Cup
,2026,,2026-07-06 USA-USA,2026-07-06,Round of 16,Mon,Neutral,W,4,1,USA,0,0,0,9,11,1,14,9,11,,,0,17:00:00,/en/matches/ac3ca9ea/United-States-Belgium-July-6-2026-World-Cup
,2026,,2026-07-07 Argentina-Argentina,2026-07-07,Round of 16,Tue,Neutral,L,2,3,Argentina,5,0,0,11,13,0,8,10,8,,,0,12:00:00,/en/matches/99ef3f64/Argentina-Egypt-July-7-2026-World-Cup
,2026,,2026-07-07 Colombia-Colombia,2026-07-07,Round of 16,Tue,Neutral,D,0 (4),0 (3),Colombia,3,0,0,22,21,5,15,13,7,,,0,13:00:00,/en/matches/fb7171eb/Switzerland-Colombia-July-7-2026-World-Cup
,2026,,2026-07-07 Egypt-Egypt,2026-07-07,Round of 16,Tue,Neutral,W,3,2,Egypt,0,0,0,13,11,3,26,7,15,,,0,12:00:00,/en/matches/99ef3f64/Argentina-Egypt-July-7-2026-World-Cup
,2026,,2026-07-07 Switzerland-Switzerland,2026-07-07,Round of 16,Tue,Neutral,D,0 (3),0 (4),Switzerland,2,0,0,21,20,4,18,12,7,,,0,13:00:00,/en/matches/fb7171eb/Switzerland-Colombia-July-7-2026-World-Cup
,2026,,2026-07-09 France-France,2026-07-09,Quarter-finals,Thu,Neutral,L,0,2,France,1,0,0,13,8,0,13,6,6,,,0,16:00:00,/en/matches/c069f408/France-Morocco-July-9-2026-World-Cup
,2026,,2026-07-09 Morocco-Morocco,2026-07-09,Quarter-finals,Thu,Neutral,W,2,0,Morocco,0,0,0,10,11,0,12,11,8,,,0,16:00:00,/en/matches/c069f408/France-Morocco-July-9-2026-World-Cup
,2026,,2026-07-10 Belgium-Belgium,2026-07-10,Quarter-finals,Fri,Neutral,W,2,1,Belgium,2,0,0,13,17,3,19,4,5,,,0,12:00:00,/en/matches/ed14068b/Spain-Belgium-July-10-2026-World-Cup
,2026,,2026-07-10 Spain-Spain,2026-07-10,Quarter-finals,Fri,Neutral,L,1,2,Spain,2,0,0,18,12,1,10,10,6,,,0,12:00:00,/en/matches/ed14068b/Spain-Belgium-July-10-2026-World-Cup
,2026,,2026-07-11 Argentina-Argentina,2026-07-11,Quarter-finals,Sat,Neutral,L,1,3,Argentina,2,1,1,18,14,3,19,6,5,,,0,20:00:00,/en/matches/3ae43552/Argentina-Switzerland-July-11-2026-World-Cup
,2026,,2026-07-11 England-England,2026-07-11,Quarter-finals,Sat,Neutral,L,1,2,England,1,0,0,10,6,1,19,8,12,,,0,17:00:00,/en/matches/4a03a810/Norway-England-July-11-2026-World-Cup
,2026,,2026-07-11 Norway-Norway,2026-07-11,Quarter-finals,Sat,Neutral,W,2,1,Norway,0,0,0,8,10,5,21,7,11,,,0,17:00:00,/en/matches/4a03a810/Norway-England-July-11-2026-World-Cup
,2026,,2026-07-11 Switzerland-Switzerland,2026-07-11,Quarter-finals,Sat,Neutral,W,3,1,Switzerland,3,0,0,14,14,4,22,12,8,,,0,20:00:00,/en/matches/3ae43552/Argentina-Switzerland-July-11-2026-World-Cup
,2026,,2026-07-14 France-France,2026-07-14,Semi-finals,Tue,Neutral,W,2,0,France,1,0,0,12,11,5,8,7,14,,,0,14:00:00,/en/matches/9575513b/France-Spain-July-14-2026-World-Cup
,2026,,2026-07-14 Spain-Spain,2026-07-14,Semi-finals,Tue,Neutral,L,0,2,Spain,2,0,0,11,12,4,20,8,8,,,0,14:00:00,/en/matches/9575513b/France-Spain-July-14-2026-World-Cup
,2026,,2026-07-15 Argentina-Argentina,2026-07-15,Semi-finals,Wed,Neutral,L,1,2,Argentina,1,0,0,11,15,1,15,9,8,,,0,15:00:00,/en/matches/47dbfe60/England-Argentina-July-15-2026-World-Cup
,2026,,2026-07-15 England-England,2026-07-15,Semi-finals,Wed,Neutral,W,2,1,England,3,0,0,15,11,3,19,6,10,,,0,15:00:00,/en/matches/47dbfe60/England-Argentina-July-15-2026-World-Cup
,2026,,2026-07-18 England-England,2026-07-18,Third-place match,Sat,Neutral,L,4,6,England,0,0,0,14,8,3,6,8,10,,,0,17:00:00,/en/matches/aba06a2a/France-England-July-18-2026-World-Cup
,2026,,2026-07-18 France-France,2026-07-18,Third-place match,Sat,Neutral,W,6,4,France,0,0,0,8,14,3,12,11,11,,,0,17:00:00,/en/matches/aba06a2a/France-England-July-18-2026-World-Cup
,2026,,2026-07-19 Argentina-Argentina,2026-07-19,Final,Sun,Neutral,W,1,0,Argentina,0,0,0,21,23,4,27,11,11,,,0,15:00:00,/en/matches/bedbfe84/Spain-Argentina-July-19-2026-World-Cup
,2026,,2026-07-19 Spain-Spain,2026-07-19,Final,Sun,Neutral,L,0,1,Spain,7,1,1,25,21,1,8,16,14,,,0,15:00:00,/en/matches/bedbfe84/Spain-Argentina-July-19-2026-World-Cup
